label,sequence
2.4835707650561636,GATAGGCATAAGAAGGAGCACGTACTAACGCGGCTGCGCGGAATAAATGTTATCGGAGATCGGGCCAATTACCTGTCTTAGTGCTACGAAAGCTATCGCC
-0.6913215058559232,AGGGTGATTCCTGACCTGGACGCGATACCCTACCATACCATGTCTAGGATCGTGAATGAAAGACCAAGAACGTCCAATTTGGCATTCAATTTACTCGACC
3.2384426905034625,CCCATATATCTCTTCCGGATCGGGAGGCACAAGGAACAGGTGGCAGATGTTCATCCAATCCCTACGGCGACTGCAAAGTGGAGTTCCATTACGTGGTAAC
7.615149282040127,CGCGAATCCCCAAACCTGACCCCCAGTCCCCTCACCACTTCAAATCCTGTCGCACACTATGTGGTGTGACGGGGTAGTTCGTTTTTATCGCGTGATTGGT
-1.1707668736166799,TATCCAAGGTCCGAAAATCATGAGTAGACCATACGAACTCGCGCCGGGCGCGTTAGCGGTATTTGAAGGATGTATCGGCCTATCCCTGGGAATATGTATA
-1.1706847847459028,GATGAGATATATCTCCTAAGCTGCGCCAAAAGGAGCAGGACCAATGCTGAGGACCGACCTTTGTCCACGCGTGCTCGTTGTCCACATGTACAACTCGTAC
7.896064077536957,AGTCGGTCAAGTGTGTGTGTTAAAGCAATGCGTAAAAAGTCGGACTCGTTAACTCTAGAAGTCACGCAGTTCCTGGGCAAGAAAATGTAGGTGCCGGCTG
3.837173645764544,GCCAATGGTAGGCGTAATTTACCGCCGTACTGCAGGTATTGCTGTCCGTTTCTGCGGTATCGCAGCTGACGAAGGACCTACTGGTCCAGTCGCCTCTCGC
-2.3473719296747606,TTGCTAGTGGTTAGGACAGGCTGCCTAGGCCTGTGTGATCTGGCCCTTGCCAAGCCGTAGCTGCACTTAGGCAACGACATTTACCGATTGGTTCATTAGG
2.712800217929823,CTCGTGGGAGTCTCGTGGGGGCGCGTTGGATGAAGCGCCTCTCGTACACCGCCCTCAGTGGGCCAAACGCAACCTTACTTACATGGCTGATATTCATTCC
-2.3170884640623113,AGGCTTAACTGGGACAAGACAACTACACAATAGAACATAAGGGTCGAGCACCGTCATTGTCAAGATGGTCGTGAGCGCGATATTTATGTACACAAGCGGG
-2.328648767851284,TATGCCGCGTGAGAACTCGCCCCGGACCTAGTTACGTAGAGATTTGCGAAAGGTGTTTCATTGTGATGATAATTAGATGGCCACAACCGGGTAATCGCCA
1.2098113578301706,CAGGTTTTAGAGCTGCCAAAGCGACTCCTCGGGCGAATTTAGTTACACCGGTGCCTCGTTAAACTGGAATTGATTTTGCGAAGTGGCCTGATCGTGCTTC
-9.56640122328899,CGCGGGGTTTAACTAAACACCCATCATACCCATTGATTGTGTCTCTCCTTTGCCCATGCGACCTCTCATCATTAAGACTACCGCATCGAGTAATCGGGAT
-8.624589162565163,TATCTACGAGAATGATGACAGGCGTTGCTACTGGCGTAGCACTGGCACTTAAACGCGTCATCCTATCGCTCTTCGCGAGCGTAGTGTGTACTCTCCAGTC
-2.8114376462048636,GCAGCAACTTGGGCTCGGTGAAGTTGTTTCTCTACTCTAGCTTAGCCGCGCGAAACAGTCGGATCGGCCACGTGTCCGACTCAAAATGTCCCTGGATGGA
-5.064155601672119,CAGGGCGCAAGGGCTGTGTCTCGTAATTAGTGGCCATGTTTAATTGACATGTCTGTTACGCATATCGTGCTCGCTTGAGAGCTCGACTCTCCAGGAATTT
1.5712366629763694,GGTGACGTTCGGTCTGCGCGGATCCCGGGAGGCAGACAATAGTCCCGAAATGGTACTTCGGGGAAGACTTAGTTCCTAGTCCCCTTGTTTTAGCGAGGAG
-4.540120377606055,GGATGACAGCTCCTACTGCAGGGCCACACCTTCCCCAGACTCGTCCTAAATTAGCGCACCCGAGAATATACCTGAGGAATTGCGTACTGAAAGGTGTGGA
-7.061518506676458,ACCATGAGAGGGATGAAGAGCTGTATCGTCGGATACCACATCCCGTCTCCTGGGGTAGGGAAATGGGCATTCGACTCCAAAAGGAGTAACAGTCGTGGTT
7.32824384460777,AGATACCCGTTCCGCTTATCTCTGCCGCGAAAGCCAGATGGCACGGTCTCACCACTAGACGCTGTTGTACTCCTTGAATCGTATTCTGGTCCGTACAGTC
-1.1288815024326784,GGAACCGCTCAGAGTGGGTTAGAGTCACGCCAAAAGCTTTTGCAGCGCCATGAAATTCGCAGAACCTAACCGACTCGCGTAAACTCTCACGGCATCTCCT
0.3376410234396192,CATCTTCTGGAGCGAAGGGTAATTTAATGTATAGTTTTACCCGATATTATTTATAGGAATCTGCTTCCCATCATCCTGTGATCTAGGGGGCTGTTGCCTT
-7.1237409310672835,GAGGCACTTGCGGCTCGGACGTGACGTCCTATGGGGTTCGGTAATCACATTATTTGTTCACGGACAAAGCATAGTAGAGTGACCAACATTTCGGGGGTCG
-2.7219136226259133,CGTGAAATAGGTATAGGGCGTATTATAACCGTGTCTAACTTGATGCGAACCTCAGGCACCTCTTCTCCACGTGGAAAAATTGTGTTCCGACCCCCACAGC
0.5546129485493304,CGTGTTTGCAGTCTCTACGGTGTAGATATCTGGTTGAACTACTACAGAGACTGTTCATTGAGGATAAGAGCCTAATGATCACCACAGAGTGGATGCAACG
-5.754967887111514,TCTATAGGGCGCGTGGGTACCTATGGCCCACGTGCCCAATAACGGGTGAGGTTGACGTGCGAGGCAATTGTGGAGGACGCGAACTCCACTAGGATTTGTT
1.8784900917283598,AGGAGACATTACCGCGTTTGTATGCACCCATTCTGAAGTGTGTCACCAATATCCCAGCGAGATACGACCGGTCAAACAGTCATTCGGTTAACGAATTGCA
-3.0031934495940247,TTAAGCGACTAATGGTCATTGATCAACCACTGGGTCAACTACCTATAGCTAGAAATCAGATTGATAACGGCCCCTGTCGTATACCACGCCCAGTCCACAC
-1.458468748966384,CTCCAGCGCAGCGGACCTTTAAAGACAAGCCTAGCCCCCTCTATAACCCGACGCCAGATGAGCCTCCAGCCAGCAGACACAGGCTTAATAATGCCTTGAT
-3.0085330611469847,CGGAACTTCAATGGCAGGTACACAAAAGGGTTAAGCATTTGGAAATACTTTGAGACTTTTATACGATGCGGCCTGCTCTACGGCCGGACACCCATCTCGC
9.261390922544688,TCCATTTTTCCGGTTAGCCCGATGTTTTGATAGGACTAGCCACTTTGACACTCTTGAACGCCCGATGACCAACCATCGTCGGAATGACGTACGGTTAGCC
-0.06748612368966961,GGTTACCACGGATCTCGTTTTTGCTAGGCTGGTAACGCTGCTACCCCGGGGGCTTTAGGAGAGCCGGCCCAAATCCAGTATGTCTTTCTCGCACGCTTAC
-5.288554644779502,AATGCTTGCTGAGATCACTCAGGTCTAATATCAGGAGTATGACTTGGTCCTCTACCTAGAGGATGACTGACGGAGTTGTAGGTGGTGACAGAAAAATGAG
4.112724560515945,TATACTAGCCGAAGGATACTTAAATCTGACACGATTGCACATCTTCCGCAGACATGCGATTAGCCACATATTGGCGGCGTGGAGATGTCGCAGACCCATA
-6.104218249855111,CAAGTATCTCTATGATGAAGGTGAGCTAATGGTGGACATCCTGGAAAGGAGACTTCGATCCGCTGCATGACCTGCAGGATGCGTCCCTCCTATGGTGCGC
1.044317975023777,GAGTTGCGCGGTATTGGTGCTCCGAAGACATTCGTCACACGCGGACCTGCTCCTGATGCCCCGGCGGCCTAGAAGTTGAGTTGAATACGGTGTCTAAAGT
-9.798350619398878,GAAATTACGCCCAGTCGGCGTCCTGTCCTCTACAGCACGAAGCCTAGGCCGCGATTAACGGATTGTAGGGGCGGACACTACTTGTGATCGCAGCCGTCGG
-6.640930244492153,AAGGCTGCTTGGAACAACCCCCTGTAAGTTAGAGCTTGTGGTTTAAAGTCAGCTTTGAGCCAGTCAAAGAGTGCGGCTCTACGTTGTGGCCGAGTACGCG
0.9843061793456176,TTATATAACTTTACTGGCCTGAGTGCGTCGTCTTGGAAAGAATGAACGTTAACAAGAGAGATACGGAGGTATCCACGCCAGTGTTGATAACGTAATGACG
3.6923328999770524,ATAGCCCGGTAGACCTGGCGAATACTCTAGCGAAGGTTAGTCTTTGCTCTTGTTTGGCGGTGAATTGGGACAAACTAAAATCGGGGCCGTAGCTAGGAAA
0.8568414059498525,AAACCTTGGGAATCCTCTGACGTTAATCCCCCGGCGCCCTTGAAAGCGATCGACAAGCACTTCTCGCTAGCAAAGAACGGGCGATGTCCCTCCTAGACTG
-0.5782414119412026,GTGACGTGAAGTGTGATGTTAGTCTAAGAATATTACACATCCGGCTGGTGACTGTTTGCTAACCAGGACTGTGCTTGAACTGGCAAATTTGTTCTGCTAA
-1.505518477946444,GGCGAAAACGATCATAGCTATGACAGCTTCGTTCGAGGGGGGTTGCTTTTACCTTACCTATTAATTGTAGTTTTACCCGTGCTCATGGTGAAAGAATGGA
-7.392609951837137,ATTTCCTCTCCACATACCCACACTGATCGCTGTTGACGTGACCAAGTATACAACTGTAAAGCCGAGGCAACCCCTAGTACTTTGAATGTCCGAATTTAGT
-3.5992210419735433,AACCAGGGTGTGGTGAGACACATAGCGGGTTGACATCACAGCTTGCTAATCCAGGAGAGAGTAGTTGCAATTACTTTCTTCTGGGACCTCTTGCGGCTTA
-2.3031938547989377,CACGTGGCAATATGACATCGGCACGGCGTGGAACTCTCCAGGACTTAGAGAAGTTGGATTAAGATAGCAAGTGAGGAACTCAGTTTGATCGCTAACATCC
5.285611131094578,AACCCCAGATAAGAGTTGAGAGGAATCGAGATTCGCACGATCATCGAGTCAAGTTATTGACGCGCCCAGTACGATCGGAAACCTGAAGCCTGGACCACCT
1.718091447842307,GCATCGCCTTTCCCTCAACGTGAAGTGTGGGTCTAAACATTGCCACCCTTTATAGTTGGGGCCGTCACGTGGGGATTTCTTGAGACTGACCGATTAGGAT
-8.81520077681367,TGCCGAATTGTCGCTTCCGGACAGTTCTGAAAGTTCGACAGTTAGAGGGCAAGACGCTCATAGGGGCATGCATTTATGTAGTGGGGAGGCTGCCTGTGCT
1.620419846973975,AGGGTAGGCAAGACCCTTGGAATCTGTAGTGGAATTGCCGTGCGTCTGCTGTGAGCCTCTACGCGTGCCGTATTATCATACCCTATGACGGCACCCGAGT
-1.9254114020815827,GGACGGATAGGTGTCTATTTAATAGGATTAGTAAGTTATGAATAGGCGGTCGGGCCTACCTTGGTAACGCTGGCCTATTTACGAACCTGCGTTGGCTTCG
-3.3846100015297935,CTCGAGACGTGTGCACAACCTTGACCCGAAAGTGAGTGCTCTCTAACTATTGAGCTCCAGTTTTGGTATCCACGAAAGTTCAGTTCGTAGGTTAGGCAGT
3.0583814442043393,GTCGGATGAGCCCTACATGCAGCTATCTGTGTCCTACGGGATAACCGTAGCTATCAAAGATCTGTCCTAACATCCATGAGTGCAATTGCGTGTACACTGC
5.154997612479755,GACGCTCCTTAGTCGGGATGAGGCAAATATAAACGCCGGACAGCGCCGTTCGCTTCCTAACTTACTTTCGATACAGCGAAGTTCAGCGTGCGGCTTCCCG
4.656400595580993,ACCTGCTGTGCAGCATCGAATAGCGTAGGAAGGTAGTGCTCAACAACGTGCAGCAAGTCAGAAATCTAGCATCACTCCGTCGACCCGTAATGGTCAACGC
-4.196087616113193,ATAAAGCTCCGAGGTCGAATCGCTAAAGATCGACGTACGCTAGAGTTTCCAGCACTACGGTAGTCTAGCTATTCACTTAGGCAAGAACTATCGCGGACCA
-1.546061879256073,CTCGCTGGATGCGAGACATCAGTCCTAGAGCATGATTGCGATCCTCTTGCACTATTCGCCACGACGCATGTAGAGACAATCGCAGATTGTATTGAGGGTG
1.6563171570178197,CCCCACTACTCATGTCGGTCGATTGTACACGTTGTGGCTTACATTCCATTACGTCCGGAAATATAGATTTGATCTTATTAGCTGTTCCGAGCTGGCAGTT
4.877725635611796,CTAAGGACTAGTGAGATGCCTACTTTTCCAGTCCTCCTCAGAATCCACCATCTGGCAATGACCTGTAATCCTGCTTGAATCAGGGCGTGAGGCAATCAAT
-2.3958711892264497,TCTTGCGCAACGCCGTGGAGCAGTTTCAAAACGCGGGCATACCTTTCCGCTGACACAAAAAGCACCAACGAATAGCCCACATACCCTAGGAGAGAAATCG
-0.9282948833190856,CAAGGTGTCATTAAACAAACGGATATGTCTGTCAACTGACTATGAATGACCACTGCACGTGGTCGTTGTTTCATTGAAAAGCTGAGAACCCAGTTTCGCA
-5.531674870030141,TCTTTTAGCTGTAGTAGGGGTCGTTCGTCTAACTGACTATTTGAGGCATTATTCGCTGGCTTGCAGTGCTGTTTCCCGTACTAGACATACTACGTCTGAT
-5.981033120403354,GTCAAGCGACGTCGGCTGGGTAAGTTTCAATCGTGTAAACTGTGAAATCGACCTACAGCCTTGACGAAGCGCCCTCAACTGTGATAACTTGTTCTTGCCC
4.06262911197099,TGCACGCGCGCAGTCTCACCTCTCTACAACCGCCTACCCTTCGCCCGGTGCGTAAGGCATGTAAGCCCCGCTTGTGCCATACCCACCGGCCAGATTTATC
6.781200142854114,AGTCTGAGACCTTACGCTGTTATTGCTGTAATGGGGGTAATACCCCGGATGTTTCGGTGCCATGAAAACCGCTCGCTTCTCCACGCAAAATGTCCATGTT
-0.3600506079016692,CCAACAAGTCGGCGGTACGCAGGTGCCAACGTCGACGCTGGCGAAGTAACTTACCACACTCGATTCTGAGCGTCTGTCCGTTATTAGATGGTTCTAACCG
5.01766448946012,TAAAATAGGTTAGAGAATACTGTGGTCCAAGGCAGAAATGCCGTGCTGGTTAAAACCAGGTGCATTTAAAGCTCGAGCAAGGCCGGGTTTGGGCTGGTTA
1.8081801252381706,CTTTCTGATATAACTGCGATGCCGGCCCGTGGAAGATCTAAACTACCAATGAATTTACTAGGGGCTTCAAGCCCAAGCCATTGGAGTACTTCACTGATCT
-3.2255987730256215,GACTACTTTCCTAAACCATCAACGGCAGGGGTTGGTGCATGCGTAGCGGCCTATATGGACTAGGCAACGACGCAATGTAGATGTCCCGCGGGTTCGGGGA
1.8069780275420697,TGCTAGCAACTTTGGGTTTTTCTCCAAGAGCAATGCTCGTAGAATCTTCAGACCACTATCTGGCCTGGCGTTTCTCGTATGCCGGCGGCGGAGAGGAGAT
7.690182832329846,CACAACAGCTCGTACATTCTTAAAATATTAGTAATTTTTCAACGTCTAATTTTACTCGAGCTTAGACTCCGTCTATCTCACTGCTTGGGAGGTTAAGTTG
-0.17913019554975768,CTGTTCTACTTGAGGATCGTCGCGCGAACGGTCCTACGATCTAATCTAGTGATTTCGAACTCGTGGGGGAAATGAGCAGCGGTGTCGCACTCTGTTCCAT
7.823218279070031,TTAAAGAGCTAAATGATCGGTTAATATCCCGCGGAAATCAACTTGAGGTTACAGGATCCGTCCTTAAGACAGGTTGTACATTCCTCCATTTAGGAGCCTA
-13.098725520448722,ACCTGGCGTGCGTATCAAAAAGAGCTGAACTAAATAGCAAAACGTGAACCAGTCACTACGCCCCCAACCATTGCAAGAGCTACCCCCAATGAGCGGTTTT
4.109512521876119,GGTTTCGAAACTTCGCTGAATTGTGTTTCTTAAGTACGGCCAAAAATTCGTGCCCGCATCCTTGGTGCATAGTGCCGTCTACGATGTGACACCTTGTCGT
0.43523534119085605,ACCACTGGGCCATGAAGTCAAGAGTAACTAGAAGACTAAGTACCAATGTGCGGGTAAATCGCCTGGTCTGGTGCAACGTCAGTCACTGTCGGATCGCAAC
-1.495036752329337,TTTGTAGGTGCTAACTGTAGACACCAAATGTACGATAAGAGCCGGCTTAACCCTAATCTAGACCCAATATGAAGCAATATTTTACGTAATGCAGCCACGC
0.4588038826775115,GGCGTGCTCTTGGTGAGCAGCTGCGATTAAACGCGTTGCGCGTACTAGCGAGGGTTTACAAGAAAGCCAAGTGAAATTGTCACTATGGCCCATCCCGAGT
-9.937844573004464,TTTGAATAAAGGTCCCTTGGTACTGATTCGGTGGGCGAACGGGGTTGTGCCACGCTGCGATCTTCGTTTCGAGCTAGCTTCCAAGGGGATGAACTCAAAC
-1.0983594391875597,TCTGGCATTTTGTGAACAGCAGAGCCCTTTTCCCCGTATTATGGCAGCTGCTGGTTACCCATACTTGTGATCCCCCGTAAGGCGACTGGCATAGAACGAT
1.7855628575587321,GACCCATTCAAGGAGCCCGGTGGTGGCCAAAAGCGATCCGAAGCCTTGCGGATGTACCTTGAGCGGTCACGTCTGTCTCAGCGACATTCGCCGTGCCTGT
7.389470223707581,GACTACGCCGTAAGTAAGGAGGGCACTCCACAACGGCGTAATGCGTGCGCCGTGTAATGGAGGTGCATGTGAACCACAGGCTGGGCACCCAGAGCAAAAG
-2.591351091368237,CACGTGTCATCGCGTGGGCTGAACAATCCGATAGATTCTATTGGAGCGATGCGTACTAGAAAGAGTTTCAATCTACAGTCTGGCGGCACTTGCGGCTAAG
-4.042468014465938,AATGAGCGAGGACCGTTCCCTCCTTAAGCAAGGTCCTGGTGCCGTGCGGGGAGCCCGGGCGCGAACGCTTTACAGCATTAGGATCGCATGTTGTTACATA
-2.5087852179226826,TAGAATAGATTTACATCATTTCAAATGCAATGTTGCGTCCGCCTAAAAGCAGTCGTTTCAAGACCCACAGCGGACGGAAACCTGAATTGATTGGTTTTTT
4.577010588510371,AAAGATCAACTTAAGCTGTCGTGATCAGAGCGAGCAGTGCAGAAGTCCCCCTGCATCGAGGAAGCGGTGCCACTCTTAAAGCCTGGTAGGAAAAACCTCG
1.6437555482984223,ACGATGTAGGGTGTACCACACGCCCAGTGCGGCATGCCAAGTCAAACATGGAAATGAAACCAGGCGTACCGAAAAGACCAGTGATGTATAAGGACATGCA
-2.648801018835194,CATAGACTCCAAAACTGACCCGAGGGAGTCTACGCCGAACAGTTGCTAGCTACATTTGTCTCGATTGGCTGTGGGGAACAGCCATCCCTACCCACAACGT
2.5663371655667806,ACTGGACCATAAGCAAGGGTTTCGTACACGACGCGCCGGTACGCAAGAAGGCCTTGCACGAAAGCATGAGCTGGATCGGCATCATTTACGCGATGACAGT
0.4853877467402019,GCTATCAGCCGCACGGGCTCTTCTCCTAGAAGTCACGCCAATCATTAACTTTCGAAGACTCCATCCTGGTCGGGGACACTATATTATGCTAGCCCATTCT
4.843224952664446,GTTAATGTAGTCTTTACCGTGAATTGCGGTCACTCATTTGAGTGTACGAGGTCCGGTATACACTGATCATCAACTGATTCCGACACGCGGTTTGGCAATA
-3.510265469386762,GGTCGTTGCCCCAGGTTCCATGATTATTATACCTCGGATATCTCCTACTAATCCGTCCACAGCCGAGCACGTACGGCCGTGCAATGGAGCATGATGTACT
-1.6383107329888411,GACCCGTCGGGATGATCATTCTTAACAGTTCCAAAGGACCTGGAGCAAAGACAATAGCTTCTGTGTGTAAGCTTGCTCCTCTGCGGTGTGAAAGGTCGCT
-1.960540765660788,AATCTAGTCATATTCCGTGGATGCCACTCTTACTCTAATTGTGCCCTCTCCAGAACGTCTGTGTGTCCATGAAAATGTAACTCCCCTCACATGCTAATAC
-7.317574740660593,CCCTTAGGGCTGATTAGCGGAACAAACAAAGGCCTTAGCATCCGCATATCGACGACAAGTTCATAGGATAGGTTTGGTTGGCAAATAAAGGTAGCTACTT
1.4806013853228803,GGAGGTTCATAACAATTATAGCGCGTAACGCCGAAATGTGCTTTATGCCCCGAGGACCGATAGCTGACGCCGCTCGTGCTTCTAGTGTTCCTCTGTACGG
1.3052763608994467,TTCAATGATTGATTTCGCAATCAGAATTCGTCATTTGGTGGAAGTAGGGTCTATTCGTTTTAGCTCGTAGAGGTCTTACCTAACGTATTTAGGGAAAGTA
0.025567283212304448,GCTTCATGAAGAAATCTAATCCCGCGCGTGACGAGGTTGCTGTGATTATGATGCGACCTGTCTCGTGTAGTGTGCTCTTCGTTGGCCGATCTGTACAAAC
-1.1729356668757345,TCCCGACACCTAGACACGCCTGTCGATTTAACCAGGGACCTTGAAGCGTCGTTGGAATTAACTAAGTACCTGACCAGCCGTAGATCTATTTCAGGCGCAA
-7.076853710252071,CCGCACCGGAGCTAAGGTTCCAACCGCGGGACGTTATCCTATAAGAGCCGCAGCAAAATGATGTAATGTGTCAGCCTGGTGGACGGTAACAGATCACGGT
-2.103226613826795,ATATTCATGTCTAAATATGTAGCCCCGCTCTTGGAATGGCCTGGGATGCAACCAAGTTGTGCCGAGTTATTTCTCAACTGTAACTCAGAGAAAGCGAGAG
-1.7135725826338475,TTGCTGGTATGATTCTGCATCTTGTCGAACCAGCGCGGTACAGTCAACAGGGTGCGATGTTCTAACTTGAAGCTTGCGGTTGCAGCTGATTTATCGGCCC
-4.011386346108095,AATGCGAATGCACCCTTGGACCGGCAGTTTTCTTAACCCACGTGTTGGCATTGCGCTTTAACGCAGGGATATTCTCCCCGAACCACCGCACAACGGGCTA
-0.8064285583300457,GCTTTCCGATACGTGTGGCGTCTCCTCGCAGAATCGTACGTACCCGAAGAATTTGGTGATATTCTTTAACCTCTGATTAGGCTCTTATGCCACTTTTTCT
2.020254284072692,GTCTTGAAGCGTGAGCAGCCGGGTAAGCACCTAGCAACATTATACATACGAGTAAGCTACGAGCAGTTGATATGTTACGTCGAATTTGAACTATGGTCCA
9.430929506052651,ACTAAGTGGACTTTATGTAGCCGTGTGGCCAAGTCAGATCATACTGGTTTTCGGGTGAGAGGGTTCCGCAGCATAACTAGGTATATGAGCTCCGTGTTGG
0.8728890641591948,AAGTTACGCTCGTCCGTACCACAACTCAGTGTGAGTTTTGGCCCCCGCGTCGGTTATTGGAGCCTAGATGATATTCGATTAGTGCCCCCGTTCCCAACAG
1.2877519536138218,CATCAGAAGCAGACCTGCGCGCTCGACGGATTAGAGCATTTGGGTAAGAGCCCATAGACGCACAAGAATAACATGTTGTGTGCACTGAGTCCAGGCCACT
-0.37222957883083607,TAAGAAGTTGAGGCATTGACTTAACTGTTCTTTGTCCCCGTCCTAGCCCCACCATCCTCCTAAACTAAAAAGCTTTTGGCGCGCAACACCCGTTATGGAG
-9.593856076495207,CTTCGCCGAAATTGTTTCACTAGCTAGACCATGTTTCTCTTGGCTTTTGTCCGTGATCGACGTATATTCGTTTCGATATGGTAGAAAGGTTCGACCGGTA
-0.1325693772460844,TACGCTCACGTACTGCCTAATTGCACTTCTGCTGGCGTTATATGCTAATATGCGGTTCATTTTGAGGTACCGGTACTTTGAGATTCACGTACAGCAACGA
0.3011510497051322,ACGTTCTGTTACCCTGTCTTCTCATGTTACTGCTGGAGCGGCTAGTATGCGGCCATCACCTTCATAGCCCGAGTCATCAAGCCCATTGACGGATGTTCCT
12.31621056242643,GGGTAATCCAATTCCAAGACTATTTCGGGCATATTTCAGTTTGGATTGAATGTGGCTGATACTTCTAGACACTTATCCGTTCCCCCGAAGTATAGGGCCA
-0.9618048239056126,GATGGGAGTAGGAACACGAAGGTGCTGAAAAGATGGCACCACGTACGTAGGCTCATGTTCCTTCTAATTCTGGACCAGTGATGGAACCCGACCGCCTCTC
1.5077367116680622,TATTGTTTTCTCTCCCAGAGTTTCTGAAGCAATTGTCAGGCTTGTAGTTCAAGTCTAATAAAGCTGTACACGTCCTCATTTGGTGAATTTAGCGATAGCC
-0.17355884852621656,TGGGGCCGCCACGCCCTTTCGGAGTGGCTAGACAATTAGTTGCGTCCACAAAGCCGCTTAATTTCATACTCTTGGTTTATCAACGACATGGTACCTTATA
-5.84339018809766,CTCTCCTCTCAGTTCTGTAAGAAGCACCGTTAACCGCACAATTGCTTCTCACCATGGAACACATCCGAGGTTCAGTGGTGCAAACAAATCAAAGTCGGGC
5.714114072575103,CATGGCACTAAAAACATGTTGCGTAGGATCCTCTCTGGGTGATGCAATAGTCTTCACGTCCACAAGTGACGCTACGTAAGGCCACGCTCCTCCCTACATG
3.759665163433871,TCGCATACCCCACGTACACTCAGCATGCAATAGTGTAGTACCTTCTCATGCGCCAACGGTCGCCTGCTGTTGTCCAACATGGACGGCTGCTGGCCGACTG
3.9551597352152346,CTTGTCCGGCCGCGAGACACCGCTCTCATATCTCACGTTTCCCTGGCACAGGTTATTGTCCCCTAGCGGCGTGAAGCTTGGTCACCCTGACTAGGTTCCA
-4.546937273973695,AGAAAAGCTGGTCGGCCGGCCTTCCTTCACCAGACCGTTCGGGGGCTGAGTTCAGGATCAGAGGCGGTGCCATGGTGCCAGGTAGGTACGGGGAGCAAGT
7.013971554680496,AACGCTTGATATGCTATACGTCGAGCATACGATACGCCAGAATCCGGCGCAACAAGCCCTTTAGCTGCCCCGTTAGTTACATTCCCCGCAGGTGGGTGAT
-7.009255313961404,TACTTAAAGGTCCCGGACTGCGGGGATACACCGGATGCACCGAAAGACAGCAACCCCCTCAAAGCTGCGACGTGTTTCCTGGTGTGAGACTATCTGCTGT
2.9342854690013516,GAACCCGTACTAACACCAGTAGACCAATGCTCCTAGTATAAAGTCAAGGACAGTGGACTAAATGCCAAGGAGCCGTGTGGGTCTCAGTAGACCCTACATG
10.952278129049892,GATCTCTTGTTTTTGAAAACGGCGCTGAAAGTCCGAAGATGATGTGTGGATCATTCACTCGGCGCAACACTCAAACTCGCTGTAGCATGGAGTCGCCGAT
-4.952681625653442,CATTAAGCCGACCCGCCCAATTACCGCTGCAGCACTACATGCTCAATTTAGCTAGACGGATCTAGGTCCCTTCGGTTCCAGTGACCAATACCCAACCGAG
-2.8314886480138597,CTCCAAGAGAACACAAATGTACGATGCAAAAAAGCGGAATCAGGGGTTCGGGCTCAATGGCACGAGAGCTGGATCTGTTCTCAGATTTCCCTCTACTAAT
0.4982568254382061,CGTACGAGAATATATTCGATGTCACACATTTACCTATAGGTAATGCCTCATTATACTCCCGGTAATGCAGACTTAGACGATGCCTTCCTACAAGTCTATT
-2.517378270580996,CGGCGCGAGGACTCTCATAAGCATCAGGGCATTGTAACACGTTGGGGTTCATGGCAGAAAAGCACCTTCTGGGTACCTACTAGGACAAAAACGTCGACTG
-7.753317155330663,GGAGAGAGGTCAAGCGTGGAAGTTTATAGGGTAACGCAGGCGCCTAGGCTGTAATTGGTTCCTGCGCAAAAAATATGCATGCGTTGTAAATCCCAGCCCC
0.34281487403013666,AAGTCGTAGAGATTATTAACGCCGGATGCAGCCAGCGGCGGTATCGTCGGTGTGTCCAGCGTCATACGTGGCTCCATGGCGCCCTCCCGGGTGCGGCTTC
-5.311518568630524,TCGCATTCAGTCCAACGAAACATCGACAAAACATCTTTGTTATGTGATATAGCTGAGGTCTAATCTGAGGCTGACATCCATAACCCTGTGTCGAGGTCTA
2.367962153175908,TTAACATACCCCAATGCATGCAAGCGTTGAGGGATTGTATCTTCCCAAGGTCTTACATGAAAGAACAGGACACCCATTATGGCAAGCAGCGACCTATATC
-4.597121171169015,CAGCTGCGAGCCGCAGTCTAAACAGTTTCCTGTTCGTCGGCGGGTATTGGTTTTGTCCGTTCGTTTGCCACTGTGTCGAGCGACCAGTATTGGAGTCCCA
7.749672025087698,ACCTCGTGAATCGTTAATCACTGTCCGACGATGTTAGGTGCAGTACCAGCAGCTTACATAAAAATGGTAAAGTGTGTGTCTCGTTGCGTGGGTCATTATA
-3.9162664616811855,GTACAGTCTTTTGCATATCTACGGCCCTCACAGAACTTCTCATGAAAGCCCAGCCACAGAACAATCGACAACCGAGAAAAACCGTAAAAGCATATCGTGT
-1.610307581028378,GCCTGGGCGTGTCAGTTGTTTTAATGACCGGTAAATTTTCTTACCCTATTGTGTGTCCTTACACAGTAAGATCTGTAGATTCACGGACCTGTGTACATTA
4.067586086848348,TCAGTCAGTCAACTTATCCTATCGCCCTGCCTGGGCGGCCACTTCTCCAGCTCGCACTAAGTGTTAATCATCTCATACAACTCGTCTGAATTAACAGTAC
-6.154321582169776,CGCAAACTGCTGACTAGCGCAATCAGGGCTAGTGGAGGACGGCTGTGTCACTTAAAAGAATAACGGGTAGCGGCATAAAAACTATGTGTATCTTCGGACC
1.137299673020647,TTCACAGCCGTCGGCTATCGATGGGGCCGGTCCTGGGCATTGCTCCCGATGTTGAACTTGACTTTCCTCGTGCCGTGACAGTAACGTGAGAGCAAGTGGT
6.535713771412141,CAAACTGGACCCAACCCCATACCTAGTACTTACGCGCCCATGGACCTTTCAGCAAGCGACAGCTCTGAATATCCGTCCCACGGAATCGTGACTTCTCATC
-8.037416172806138,ATTATTAGATTACTGCCGCTATTCAACATCGGCCGGGTGTCCACTGTAACGATTTGTGGCAAGGCGAAGACCGCAGTCCAGAAGAGTTGCTACATGTCTA
0.923169292661521,TAAGAGAACGGGAACGGGCAAAAGCCTTGGTAGATCCGTCTTTACCGGAATTACTCATTAACCCTTTACGTCGGATTTACGTTACACTACCCGCCGCACT
1.2994139712421178,GGGAAATCTCGGGCGTTGCTCTCGTTGGACACATCAGCTAGAATCTCGCCACGATGGCATTACGCTCCCAGAGAGCCGAGCGGACAAACATATGAGGTCC
3.909114358886552,CTGCATAAACTAAATTGAGGCGCGCGTTCGGATACTTGCCCATCTAGCAAGGCGTGGCAACCAACGAGAGATGCATCACGAATTGACTGCTAAAGACATC
-6.18475355439041,CGAACACGTCGGGCTGCGTTAGAGGTGCACTGATATAGATATTTGGTGAATATGTCCTAGGAATCGGCAGGCCAATAATCAGGAGTCACTCGTCGATAAG
-6.602283065421382,GTAGGGTAATGTGGATCACCTCTTCCCATAGTGTCCAATTTTGCGCCGTGGACTCTCAGAGACACACTCTTGTAAAAGGGCGGAGGAATTACCGCCGGCT
2.6097078280844883,TTGTGCCAACCAACAAGCATTGTTCAGTAGATCAATAAGCTGATTCGCTAGCGGATTTACGCTGTGCGCTTTTCAGAACAAACGATCACAATTGAAACTC
1.4849233661659302,GAGTCTGCGCCTCATGCCCTACCGGTAGGAATGACGCGATGCGTTCTGGCTGCCGCGCGGCCAGACGGGAGTCCGCCCCACCACCTGCAGAGAGTTCGAA
1.2524642517293827,GCAGTGCGCGGGACTATTGCCGTACCTCGAGAGGTGCAGCACCCCTTCACCTAGCCTCCCACAGGGCTCACTAAAGCCACTAGAGAGATAGAGTTAGATA
1.7322410474848784,TTTAGTATCGGTGACGCCCCGCACACGTCATAACTCACTTCTACCGAATATCCTTGCTATCGTGGAGACTACTTATGCTGCCGTGCACGCCGCAAGCAGG
-3.400123607892454,TGGATCCGCCAGTAACCACGGTGCTGTCATCACTAGACAGTACGGATCCGTAAGCAGTTTGAGCTTGTGAACATAGGGGCGGGTACTGGGGTTGTCCGTT
1.1612684858050177,ACTTACGAGTCCAGCTGTAGCGGACTGTGCGGAGGCTGCGCCTGTTAGACAGCTAGTTACGAACGGCCCACGCGATTGCACGCACTCACAGTGGACCAGT
1.4653623664934061,AGGCCGATTGCAAGAGGGCATTAGGGTACATTTTTAGTCCTCGATCACTCGGACCATTGCAGTAGATTACGCTAATCCTATCGCTTTATTTGGGTGCCTG
-3.571757090131839,GAACCCCTTACCACTAGACACCCCCAATAAGGAATCGTGCTTCCATGTCGAATGGATACGCAGCGAAAACATATAAATAGTAATGATCCTTGTGTTCCTG
9.328872555723782,GCGTCGGTGATATAGACGCGCCCTAGGGGCCGCGGGAGAAGGAGCAGTTTGGCACTCGTTCCGGATCCTAAAAACTGTATCTGGCAACCACTCCGACTGG
2.3691646045589376,CCGGGTAGGTGAGTACCCCATTCGCCGAACAAGCCAAGCGGTATTGGAGAATTAGACAAAAAAGGTTGAGGAATAAAGTGGCCCAGGAGTTGGTCCCACT
-5.956517486013243,ATCGGATAGCATACGGTCGCAGGCAGGAGTAACATTTTTTCAACCCACCTTAATAGAGCTCAAATGCTTCCGGAGTAAGCTTCGTCTATGCTTAATACTT
3.2827680431691486,AGCCGAACCGATCAAGGGCGTAAGCGTAATATAAACTGTTCAGAGAGGTTTTAAAAGCATCCTTTTCAGGCGTACTTTTGCCAGGATAGGGCAGCCGTAA
-4.873408351136607,CACAGGCTCCCTGCGGAGGCTGTTTAATATTAATAGCGGGCCTAGCATCGATGCGAAAAGACGACCCCAGCGGCCTAACCGGGCCGCCCCCTACTCTGCG
3.9354230187122603,TGTAACTATTACCTAGAGAACGGCGTCAGTCGCGAATGTCCTTACGATCGGTTACGCGGAGCCGTGTATGATTAAGAACTCCTGAGGCAGGGGCATTCCT
5.79297789503702,GTGATACGCGTCGCCCGAAGCTCATGATCAACTTAAATAATAGTACTCGCATGCGGCGCTGAATGCCCGCGCGGGCACTGTCTTCATTTGAGGGAGTTGT
-4.103411591758553,GTAAGACGCCATTGAGTTATAGGTAGGATTTCCGGTTACTACTTTCTCGCTTACCAACTCCCCATGATTGAAGGAAATCCTCGTTCGTAAGATCGCGGTA
4.816880646221609,CCATGTGCACAGCTCACTCTTACAGCAGACTATGTCAGCGTTGTAGCGCTCCAGTTTGTAACACAGTCGGCGGCATCCATGGTACGTAATGGACGTAATG
2.0639046346824914,AGCAGGAGACCACCCGGGTTTCCTATCCTTCAGTAGAGGAGCCGAGATGGCGCGTGGACGACTGATTTATAAGGGTTTCCGGAAGACCGTTCCGCGGAGC
4.11030079997245,AACAACAGTTACGGGGCTTAATTCTCAGCGGAGATTCCGATCGCCAACACTATCCCGTAAGTCGTAAGCTAACCATCGAGCGCTGACCTGTAGGGAGCGG
9.483964913269737,GGGAGGGCAACTTCGCAGACACCTCGGCAACGACCTAATTTCTTGGATGCAGCGTGGCTAACTGTCCCTGTACTTTCTCACACTCGAGATCCTCTAACTA
-1.2269405800143525,AGTGCAAGCCAGGAATTCCCTTATGGCAGCGCCACAAACGACCAGAAATTACTGCAGCGTTCAGTGGCTATCCTGCCGATCCACGATATGGAATTCCGTG
-3.7686808217874477,CACAGTTGATAGCCCCGGCTACCGCTAATTTTATGTTTAACGGTCATGGGGCAAACCACATTCGAGAAGTACCGAAAAATTCGCAATCCAAAGACCGGTG
-4.447572148127616,GATCTCGCTGCGGTAACAATCGCCAGGATCCTGGCAGGCCCTGCCTCATGATAACGGGTTCCAGGTAGATTGGCGGTGCTAATTCATAGCAATTCAAGAA
-4.079051424827192,ACGACTCAGAACTGTACGCGAACATAACTGCCTCCGCTCCAGGTAACAGCCCATGATTAGATATAGGATCACGATCCGCGGGTCGATGAGTGGTGAGAAC
-0.385508547070521,TAGCGAGTCGGCCTCTAAGACAAGGGGCAGATTTTAAGGATCTGAAAGAAAACGAAGTCACAGACAATATAGCTCACTTCAGAAAAGTCGGTTGCAGGAC
1.7057598740832194,TCGCATAGCAATGTGTCCCTCCTGCAGTTTTCTGTTCGGAATAGTTAAACATAATACTGGTAGCGCGTCCGGCAATCAGGTATAACCCCATAGATACCAA
1.3834539966500952,CCGTTGTTGCGTTTGCCTCCGCTATTCTCGGCAATATTGCGCCCTATCGTCGTCACATCATGCTTCTCCGGACCCTTTGAGACACGAGGACCCAATGACT
4.135916245180119,ATCTCTCCTCGGATGAGCAGCCCATTGTTATACGACGCCCACTGGAAACAATTGCAATCGACCGGACCAAGTACAGGAGCCTGCTCGAAAGCTGAGGATT
0.06500945938953509,GCCCAATGCTAACAAGCAGACTATAAGCCACGGAACGCTGTCCTTCAACAGACCGGCTCTCCGGGGCACTTCGCAGCACCTCAGGTGTAATTCCCGTAGA
7.267670385786584,TTACGACTTAGCATGCCGTTGAGCTTACAGGATGTATAATTAAGGAGATCGCTCTGGTGGAATTAGCAGGACGCGTGTCCCGCGTAACTACGCGAAAAAC
-1.3232841661897803,CTTCGTCTGATGTTGTTGGCCACTTGACATTGTAGCGGCTAGGAGAAGGGATAATATCCGCGGGTTCTTTTTCCGTTACGTCGCAGCTTACCTGGGGAAT
13.600845832948094,TGTCCGGCGCTAAACGAGATATCGAGCTTGCAAATTTCAGGCAGTAAGTCCGGAGGCCGTCCGCTTTTTTAAGTCTACAGACATATGAATGGGCTCCACC
3.128336738825031,GGCGTCCACAGTCATCTCAACCCACGTTACGCCAACGAAATCACAATTAGGTTCACATGCTCATTACAAGCCAATCCAGTCCCCCATAACTCACGCTCTC
-4.285787782081413,ACGGTTACGCCATGGCAGGTCAAGCGGTCTTGGCTGTCAAAAAGCAGCGCGACCACCTGCCGTGGTTGGCAAACCGAGAACAAAGGTCTCCGAGACTTCA
-5.354462490305561,GGGGTTAACGTGTGCAGTGCTGACGTAACTCATATCTACAGGCATACCCAATCGTTTGATCGGCATTTGGGAAAGCATGCGACACACCTTGCGGCGGCTA
2.4123620762159264,CATGATTACACACCTGTCGCCGTCGCATATAGGTAAATATGGCAGCCGCCACTCTGCTGAAGAGACTAGAAACGGATCAGTAAGAGCGATCACCATGTCC
-1.1173139266292544,CCAGCCGCGCACTGGGCCCCCATAGCACAGCAAGAGGCTAGGATGCCACTTGTGTGACGAGTCGTTTTGACTCGGTGAGCCATTCTTACGATAGGCATGG
3.57000247046046,GATTACATTCTGCATGTGGGTGTTGGTAGCCCATTTCTTGCATCGTTCAGCCTACCAATTTGACAGTGCACGAGATGGAGTCGATCAACCCAAGGCTGCG
2.366188122867724,GACTTGCATGCCTGGTGAATTGAACTCAACTCAGATGCGCCTTAACACGTTTTACAGTAGGTATTTGGTGGTACAAACCTGAACCAGTGCCAGTCGGTAC
-0.36414456328436384,GGATTGGAGTGTGTTCTTAATACATATTTCGTATGGGACTTTCGATCATTGAAAACGAGCCTATGACACTTACTTAATTTGCGTCGAGATTTCTGTTACG
-4.233968590342025,ATATGGCGTCTGGCGAGGTGGACGAGGTGCATTCCTCCGGGTGCCCTGTGCGCAATGGGCCCCTGGCTAATGTCCCCCATCGTGAGGAGCCAAACTGTCG
-7.574236123429323,CACGCCGCCTGTACCGACACTGCCTGCGAGAGAAGACGCCTGTAGAAGCCCGATCTGAATGCTTTCAGGGGAAGGGGCCCTTCTAGCCATATCATTGAAG
-2.2325747603351056,ATTCGTCTACTGTTAGTAACTCGAGCCTTCCAGGACAATTCGAGGTGGGCCGGATTCCCGGAAGCTGTTTCAGCCGCATTCACCCCCCCCCCATAGGATG
4.281993971617362,TGCAATCTCAGGGACACCCAAATAATGACCGGTTACAAGGCTGATCCGATGAGACGTGGTGCCGAAATTATTCGATACAATTGATATGACAAGCACTAGA
1.0704687206510197,CGATGAAATCCATGACATAAGTAGCGTAACTCCGCCAACCTATAACCCTCCAAGATAGCAGCGGTCCTAGAAGTACTATCGACACCTGAAAGACGCACGT
-6.2286938935599405,CTGGTTTCCGATCCGTTAGTGCCAATCATATGCCCCAGGAATAGGTCAAACTTAGAAAGTCAACAAAAAGATGTAAAGGCCAACACCTCGCATCGGGCGG
0.86590462925591,GTGGTCCCCGTTAACCCGGAAACCAACTGGTTGCCTCATCATTATATCGTGGCTAAAACGCGGAGCGGGCCACAGGATTAACGATCACATAACCGTGGCG
1.9265868986441839,CCTAGCAATAATAAGGTAGGACAGCTTAGTGTTTCACCCCTGCTAATCCTCAGTATGGAGTAAGTTTACCGATCTCGCGTTGTAACCGTCCTCTGTCGGG
-4.419287181005665,TACAGGTTAACCTTTGTAAACTTGTTGACGTTCCAGTAGGTAGAAGCGCCGGTCGCTCACCCAACTGTCACATTGGACTAGCTCAAGATCGCAATCACTA
0.7686255297276395,AGGGTGTCAGTCCCGGCAGAGCGCTTAAATAGGACGGCGAATCGTCAAGAGCACGCGCTTAATATTCCACGGGTTCGAGGTCACCACTACGCGCTGACGT
0.2910435922299995,TGACCTGCATGCCCTACATCCGCCACGGGCGTCGAACGGCCTAATATTCGTTGAGCCAGATCCTTTCTCGTCTATGCAGATTCAGCTATACGCCTATACT
-5.714851489153116,GCCTTATTAACTTCCTCCTGATTAAATCCGTTAAGTCTGCCAGTATTAGTATACATGCTTAGAGGCGTGATCGTGAGCCTTAGCCTGGCTCTTAAGTTGG
1.7889368017414164,CTTTTAGACGAAATCTAAACAACCCGTGCAACACTTCTGAAATGACAAATCGGACTGTCAGCTCCCCACTCCGCTAACACTAACATTCCAAGGCTACGGC
2.803922631841172,TGAGAGCTGACATTACGTATTTTACGTCGTGGAGGGTAGCCCAAAGACCGACCCCCAATGAACTAAAATACCCTCACATTGCATGGGGAACAACTATAGT
5.415256215876385,GGGACCCACACCTCGGCAATATTTACTGCGGCTCAATAATATCCTTGGCTACGCTTCAGAGGTCTAGAGCTTTGAGAACGTCTATCTGCAAGGTCTCCGG
5.269010260174515,CTGTTGCAAAAGGTTGATGGCTCTGCGGCGCTTCACAGTAGATACCGAGAAATCGTCCTCCTGACCGACCATTGGCGGTCTATTCTCCTAACGAAAGAAT
-6.888346839785456,AGATTAGTAACCATATTCGCACCTAGCAGAATACGCGACATACGTATAAATCTCAATCGTTCACATTGATTATTGTCCTGATACTATCATATCCGTTGCA
-4.689125199575614,CCTACAGAGAGGTGCATGTCTCATTTGACGAGTTTCGGTTCGTTTTGTGCCTTTGTAGCCAGCATGGAATCACAGTGGCTTATCACAATTGATGGATGCA
2.575176336043299,CAATCCGCGCTGTACGCATATTCGGCGTTGTCTAGTACGAGGCCGTGATAAACGCCAACGCGGGGGAAAGCCCAAGCGCTTTTAGGGGCACCTCGATCGT
2.568929754561044,ATAGCTATGACACGTCCGCGCAGATCAGCTAACGCCCAGTCCGCGAACCAAGAGACAGGGCCAAAACGGCCCTCGAAGGTGGTTAGTGAGCCATTAAAAG
2.5752384315302397,TGCCTGCTACTGGTGCTAAGTGGTGTTAACCTAACGTCGATCACTTACGATGTGAGTTCGCCCTCGATGTTGTGTCCAATTCCTGAGGTCCCAATGTATG
19.263657453273606,ATATCGACTCCCGACGCGACGCTGGTACTTAGACCCCAAGACACTACTACGCAGGACGGCCGGAAACTAGGAGGGCTACCACTCGAATAGTTGCGTCTCG
2.854452553465835,CCCCACTGCAGACTTAGGCACCGCCAACTAAAAAGTTATTGACTAAGGCATGCGAATAATATCTTGATTTCTAACCCGTTCGCGCGCCAGCAGTTTCACG
5.677828200902995,TATGGCTCTGGGAGCATTAAACATCATACGCGACAATCCGAGCGTCGGATGATGTCTGGAAAGAAACTCGGACTAGGTCGAGAGACCGCCAACATATTTA
4.770008817466012,ATAAGTTTGCATGTATTGTGCAGCCCCACTGCGGGTCCCATAGGCTCATGTATGTATTTCTATTAAGCAGTAGACGGCAGGAAGTGCTTTGAAGATAGTA
3.25695625652899,CTCTTTCCGATGCTTTGAAGGGTTACCCTTCGGATTTTACTCCTTTTCATCAACAGATAATGGATATTTAATAATTTGCGTACGCTAGACAGGGTCCCTA
-1.576346223201728,TCGATGTGTGAGAAAGTTGGAAGGAGTAACGGTCAGCTACCTCCCCTGGAATACAGCGAAAGTCAGACGTATGGGCAGTTACGATCTTGGACAACCCAAC
3.7948461024663374,TGCCTTACTGGATCGACAGATAGAGTGACGCTACTGCTCGTTTCCTACATCGTCCTCTTAGTGGAGAGCGGCGCGAGGTGGTTCGCACCTAAAGCAAGGC
-3.864126072687859,GGGCTTCAAGATGCCAAGGCCTCCATTGTCCGCATGGAGCTTAGCAGGTTGGGCTAGGGGGCAGAAGCATACACTTAATCGGTTTCCTCTTACTTAAGTC
-1.1840930337000444,TGAGTTTTACCTCGTTACAGCCACCCCGTCTAGCTCGTACTAGGAGCGAGACGCTTCCGTCTATATTATAACTGTGCGTGATATCCAGTAGTGCAAACGC
-2.4268177391455175,TTCAATAAGGTGTGCATGTTCGAAGGCTGCGCTGAGACTGTGGCATTCACTGTAGGGGTCGCCTGTATTTTGGATAAGATTGGCCAGGACCTCCGGTGGC
0.40937069693161277,CGGACTTAGCCGGATAGTATAGTCCGACATGTGCCGTAGGACCGGTACGAGCGTGCGACGTCTCCAATATAGTGATGGCGGTAGATTGCCCCATTCTGCC
11.573292833367542,GCATGGCTCTGGGGGGGTATGACTTTACAAAGTATCAGTCGAAGCTTACACCGTGTCGTCCCTCCCAAATATGCTCTGACGGAGCCAAGAGCGGCAAACG
-9.33632596295874,ATGGGCATATTTTAAGGGGCTGCGTTTCCAGTGGCCACTTTGAGCATTACGGATGCCCAACGCGGGTCACTTAGCTCACGCTCCACAGCTGACATTATTG
3.4313009518725672,ACGTGTTTAAACATTTCACCATTAAGCTCTGTGAAGTCCTAACCCTCGTAGACCCCTGTACAATAATTTGAGTCAATCTGGTACAATATTAAGCGAGGCA
-8.063579355948258,AAAAATTGCACATAGGTTTTAGGACCGACACAGAAAACTTGCCATCAGACATATTGGACTCAGAAAACACAGATGAGGAACTTAAAAATCCAGTCTTATG
-2.3596593289471675,TCGTATGTTGGGTTTGGCAGGGATATCTATCTTCTCTACCGGTTTCTACGACCCCTGGTGGGTCCGCGAACCTCAATATGCCGGATCTGGTGACTGTTGG
5.44475298483683,CCCAACGGACGATAACTTTACAAGTTGGGAGGACCTACCTAGCGCGTGTTCAAACCGCATGGGCAGGTTTGTGTCATGACATCATGGTGCAATTTGCGAG
0.32140009547731385,GAAGCTGCCTAATGAATGGGCATCACAGCCCTGACCGAACCTCCTTAATAATCACCACTACAGATAAGGTCAACGACGCAAAGCTATGCGCTGTTTGACA
-5.38872388964653,CTGACAGTAATCAACAAGTGTTTTATCTTAATTCCTGGTGCTGGCGCAACGTTCCATGCCAGAATCTTTCTGACGTCACGCTAAGTCCAGCTGGCCAAAT
-3.576518546299841,AGATCAAGAGTGTCGTGGATACTGATCGCTACCACCCAGGCACTGCTTCGTAAGCATGCGTTGCACCAGTGCTCAAAGGGAATCGGACTGAAAGGGTCAG
3.397988744673379,GACGCCCGTCGTGGCGTGGTAGGAAATTACTCATTAAGAGGAAATTTGGCTTCTCTCATAGCATAAAGTGTCTAGTTCCTCGTAATACAACGTAAAGCAT
-3.651833158585683,AACGTCGGTATAAATTGCCTAATGTCAAATAACGGTCCAATGAGGAGTTGAGAGTAACTGTTGTCTGGGCATCGCAACGTCGATTGCTCATCAGCCGCTT
1.0822929479098744,TAATCTACAAGTGTAGAAAATGCAGTTTAATGGAACGTGTCATATAAGTTCGGCAAGATTGGTGATCGAGAGTGCTAGAATCCCATTTCCCTCTCTTCCT
0.2278591995190689,CGTCGCTTTTACGGCATAATAGTGTACATATTTGATATCTCCAGTCGCACTTGCCGGACCGTCTCTGTAGGATGCCAATGAAGGTGTTGAAGGCCCTAAA
-3.2580017380290855,CACCCGGGTTTCGACTTGACACGTGGGTCGTCCCGACCTGACAGCAGAAGCAATTTCGGGACAGGGGATATTATCTGCAGAGATTGAGACGTTACTTACA
10.719720446626628,CCGTGGGAGTAGTCGTAGCTTGGGAACGCTCAATGGTTATTAAGCGTTGACGTAGGTTGGACCACTACACTGGTATGATCTTAACTACGGTCCGCACCCC
3.169595111590056,TCCACGAAGGCACATAACGTAGTCCTGCGTTCCCCCGGTTGTCTTTGGTCACAGTACTAGGTCGCACGCAGAAGTAAATGACTGAAGCTAATGGGCCGCC
-10.125712933288035,ATGGTCGAGTATACGTGCGAACACTAGTAGTGTCCCTAACGGGATATGCTGGTAACTGGCGAACCCTGCAACAAACGATAACCGAGCAGTTCGAGGACGG
0.9322715738471382,TACTGGGCAAGGTCCTTGTTATGACCATGACACTCGGTAGCGATACGTAGTTTCGTCAGCACTGGTAGCCACAATTGGAGAGATCAGGGGCATGCGATGT
-3.30893232384194,ATGTTGAGCGTCCCTCACTTGGCACCCTAGAACGACTAGATGACGCTTAAAAAAGAGAGCATGCTGTCACTAAGTCACGAATATGAGGTTCGCGTCGCCT
4.2621666739811195,CCTTCTATCCTTCATATTGGCTCAGTATGACTGTATTTTTTACCTGAGGACGCGACTACTGTGTCCTACAATTGATTCCCGGTCTACTGCGCAGATTCAA
-3.962603692163503,AGACAAGTTCATTGGAATCCACGAAGGTCTATTGCTAGAATAAGTTCTCCCCGGTAGCTTCATACAACTATTCAATTCGCGCTACATACGTAGAGACACA
-0.573682207334495,GTAGCTATGGACCGTACCCACCGGCTTCGGATCTTCAAGATTCTTGAGTATTCGGGACTCAAGACTAGTTGAGTACCCCAAATGAAGAGAGAGATATCAA
2.524936394902286,AGTAGTGGGTATTACACTCATGCGTTAGGTTACTGGATGGTAGACGAAAGAAACAATATAAGGTAAGAGCGGGGACAGGACTATAGGTTTAAATGCCCTT
4.328775970850607,TTCCGCTATGAACCGCTTTGATTCGTTATGACGTATGTATCCTAATAAGCTTCAAGCCTTATTTTAATGATCGAGTTAGCGACTATTGGGCCAGCAAGTG
-6.001482035278881,GTACCGACCGCAGTATAACAGGGATAATGAGTGCTACTTGCGGCTTGGAACAATCCCTGGGACCTTGGCGTACAAGCTTCGCAGGACGACACGGCAGCGA
-1.672506179204742,ACTTTAGATCGTACAGGTACTGATATTGTAGCCAGGCATTGGACCCACAGGTCAGCCTTTACCCGTAGTGTTCGGTATCGACTTGTCAGGTCGTGCACGC
-2.3747265558047808,GTGCTCCTGAACTCTTATATACTGGGCAGCCACTCAATCAGGTTTCCTGGATCCAGTTCAGGGCTTGGATAGGCTTCACCGGGCTACCAATGAGCACATT
-3.2666461628685592,GCTAATATGAACCAGCCCTTGAATAGTACGGAAATCGTCTATCCAAGTGATATTCGTCCGCCCGCCCCATCCTTTACTATCGACCTAGTCCGGTTCTGGT
8.827271201405484,AGTCGCCTACGCACAGCCCTTTTTTGAGTAATTGGATACGGTGACCTCGCTGCATACGTAGACGATTTAAACCGCCTATCGCGCAGGCTGATTTACAACT
2.0249085548047776,GGACGATCCACGTGCAATACGATTGTGGGGAGGAATTTCCTAATTTTTGCTCTTAGCCGCTTCTTTATGTGCTTTCACATTTACACTTTTAATTACAGCG
-6.304419771675226,ACGCTTGATTACCGTACCCATCGCGACTACGAGCGCTTAGGGGCCAACGGTCTAGTTAGGGGTTGTGCTCGATATCGAGAGGGAAGTCCTCGGTCAAACG
4.58930973527388,TTTCAGATGTTTTAAGTACCAGCTATACGCTTCTTACCAGATTTCTTCTCCCTAAGTCCAGTCCAACCTCCCATCAGCAAGCACCGCCATTTGCACAGTT
10.610780985063165,CCCCGAATTAAAGAATGTCCTAATATAGCGCTGTCTTCTGTCTCGAGACCGTATAGGATAGTGGAACCGGAGAGTACCAACTGACCGTAGGTCGGAGACG
5.1623263027557345,CGTCGTGAACGCTTTACGCATTAGAGGCGGAGGATTACCTTTTTTCGGTGACGCGTTGAATGTCAGGCTCTGCGCATCTACCAAAGATCTGGTCCGAATC
-7.596849829770067,GCGCCGGCGTGCTCGCATGGCCTAAGGAGTCTGGCGCCTGACTGGGCACGCCAAAATGTGTCTCGGGTTGTTTTGTATACTTCTGCGTGTTCAGCTCCTT
-2.4211703643312568,AGAGTTAGTTCCTCGTGAGCACTGACTAACTTGATATGGTGATGGGTGAAGGAAACGACCTACGTGATTTAAATGTCCCTGTATACCTGAGGCTTGGCTA
6.334555745933113,CCCCGCGGGCGTCGAAATCTTGTTTGCCCACGGAGTTAGGTCGAAACGACCGGGTTTTTCTTTGGGGTCTTTTTGCGCTGCTCGTAAGTCGACGTCCGTG
-3.538347328093904,CGGTACTGTATGGTAGCTAGACGCTACGCCTGCTGGTACGCGAAAAGCGTTTTCCTGTCGTCCATGGGCGACTCATACAATGGAAGCTCTAGGAGTACAG
2.219097140731142,TCAGCGTGTATCTGTGTTTAGTAACCCGAAGCTTTGTCCTGGTCCCTCACCGGCGATGCGACGCTCGAGCCGCAGCTCACGCCATGTATCGCGCATGTCC
3.873170267146684,TTGTTATCTCAACGCCTACACGAACGAGTCTTACTTATAAAGAATAAAAATAGCTTCAGCGTAGCTGTTGGATCTAGCTATGCAACACGCTTTGAAGGAG
-4.634652357890415,TCCGCGCGAACCGGGAACGATGGTATATAGGTACCTAATGCGGTTACCACTAGTGGATTCTATCTAGTAAAACACAATGGGGAACCTTTCGATGCCTACG
-0.2976267803090004,AATGAGGTATTCTCTCTATATCCCCTGCCGTAAAGTCGTCTCCTCTTGATCTCCGCTCCAAGCCTGCCTAATCTTTTGTTGCATGTTCGCGGTGGTTCTG
-16.206336700345364,GCCGTAATGACTTTGTCAGCAATAGCTGACCCAGTACTCGAAAGCAAGCTTCCCCCTCTACTTATGTCGAGAGACCTGCTGCTACGCGAATTACTCTCCT
-5.121938206671449,CTCCGGTTGAGCAAATCACCGCCCCGGTGTCGACACCGCACTGTTTACGGTAAAGTGAAGGGAGTTCATTACACTTCTGCTTGTTCAGAGCTGCAACGTC
-1.2628407569658016,GAGGTCCTCAATTGTGGTAAATGCTAGTGACAGTAGCTATGATTACTCGTTATAGTTAACTCTCCCCTCCGAAGGGGAGCCCGACTCTCTATGTTCGACT
-6.2389159098242475,TTTGTCCGCGGCACGGATCCGGGAAGTTACTGCCATAATGACGTCCCGAACATCTCTCTGCCGGAGACGCTCAGGCCGTTTGCCATCAATCGTCTAGAGG
8.162056519658176,GGTCTCGTTTCGTGACAATTAGATCCTGGTAGGTCGGCCGATGTACCAAATTACGACTAATTTGGACAATTAAAAAAGTTGTCCTCAACCGCTAGACCAA
-7.150706889803163,CATGGCCGCCTGGTCCCGCAGCTTACTACGATACTGACGCGCGAACATAAATGTCGTTCTGGTCGGGAATCGCGGTGGAGACCGTAGTGGGACTTGCGGT
-2.2002224334849187,CCGATGACGAAGGGCTAAATAGGGAGATTCCGCTGTTGTCTTGCTGTTCTTATTAGCCATCAAGTGAGAGCTCACGTAGATGACCATTACAGATCTAATG
0.6537028864304567,ACGGGGACTTGTTAAACTGCAAAAATCCTCTTGCTCTTGTAAGTAACGAAAACTTGTCCAATGATCCACCAATAGAAGTGCTGGTAAATTGCCTAACTGT
7.206366445330578,GTGATTTACCCCAAGGCCCGAGAATCCCGGCCCGGCTGGCGTGCTCAAACGACCGTCTAGAGTGATATAGCCCTTCTAAACTCTTCATCGCTTACCTGGC
-7.1793107558971965,GACAAAGCTAGCACAACTAAGATCAGAAGTTTATTTTATCTGCTGGGTTAAGTACCTTCTCCATGTAACAGACTGCCCTACTTCCTGTAAGTGTGTCACT
5.815818760774798,GCGTCCCTGGAGCATAGTCACAGTTCTTGCAGGTGCCAGCGTTAGCCTAACCTCTTGACCTACAAAGGGCTTTAGGTATCGTACGAGTCAGTCGATGCAA
0.051165305097935244,CTAAACCGGATAAGATTCGGAAAAGGGACGTGAGCCCCTACATTAGCTGGTCTTTGAACGCAAAGTTTAGCAAATAGGTACGACTAAAGAGAATCGCGTT
-4.907543255239755,ATGTTCGCAAAGCTGTCCGTGGGCCACAATGGTTATGGGGCCGATTGATAAGTTAATCCTAATTGAGTGGTCGCCACCCTTGGAGTAAGCCTAGATCTTA
2.3105173713163536,TGGAACGTCACGGATGATCCAACGGAATGCCTTATAGCGATCAGAGTCGTAGTTGACCAATGTATAGATCAAAGGACGGCGATCGCCACAGCGATCTTGG
0.9952984778673502,TACTTTCTTTTAGTGGAGATACCAAAATTAGCGCTGCACGTGGACGAGGCGGACGCCTCATCATCACCCTGCTGGAAATGAATCCGCACTCTCCTCACAC
-3.0010843857939733,TGTGGATCGTTGCAGCCCAGCTCTTCGATGCCCGCACCGCACAGGTAGTTGAGGGGAGCTCGGGGCTCCAACTTACCAGGCGCATGCCGGACTAGTAGCA
0.3490104249500946,AAGGCCCGTTTCGCTACTGCGAGCTACCCATCGAGCAGTGGGACGGTGTGAGTGCATTCCGTCACGAGTCACGAGGAGAGAAGTACTGTCTCGACCCGTA
-1.926567984308801,TTGTAGAGAAATTTCTAATTGCACATTATTCCGCCAAGAGAGTGCCTTTCAACGGGTTTGAATTCTTATGTTTGCTCAATCGGTCAGGCTTGCACCGAGA
0.5675867262562402,GTTAACAGCAGCGAAGATATTAAAAGGCCGGCGACCGACATACAAGCGGTTTATGTGCCCCAAAGCGAACTGATTTGTGTTCTGATCTAGCCATTTTTCT
3.310653372605233,TCGTTTCATAGGTCGAGCACATGGCTTAATGCATGGAAGCTTTCCGAGAAACTGTCGTCCAGCGTATCAAGGTCAATGGACAATGTTTGGTAACACGAGA
7.93008408072676,AGTGAATTTGCAGAACACTCCTGGGCTAGTCCGTCTTGGGGATTACATCCCACATCGATTCGCGTGGCCAGTCCTGATTGGATGGACTTTATTTGGTATA
-6.189077494134246,ATGAAGAGTGAGTTGGCTAAACTGACTGGGCACCACTTCTCACTCCGCTCCGAACTCTGTTAAATAGCGCCATTTGCTACATCTCGGGGTTTTTTTATAG
10.665166873281333,CGGGACCGCTGTCCGTCGAATCTTGTCTACCTCAACCACTGTTATATAAGTAATGCCGCATGTTCTCCAGAGTCGTCATAGTGGGTTTCACACGAACCGG
-9.760438997612509,TACCGTCGCAGAGGTCTAAAGCGCTCCAGCATTTTCCGGACGCAATTAAACTGCTAGTGAAGTCCCGTTTAGCCTGCATTTGACCAGCATCTCTATCCTT
-0.7589254751779166,CGGGAGTCTAATCGCTGGCTGATCCTACTGCGTGAGGAGTGTTGAGTAGTTCGTATTAGTAAGACGAAGGACAATGACGCAGCTATCATAGTACATTGGT
2.9415860324228826,GGCTTGGTTCTGGTGGTTTCCCGGCGACCACCCCGGCAGAAGATCTGTAACGTTGTAGCACAGGAGAACCTGAACAGCATAGCCTCATTGGTCGTACAAT
1.4049593386751633,AGGCCATCCTGTAACGGCTTAACAAAAAGAAAAGTAGCAGGATTCAAGGCAAGATGCATACCGTCCGGATAGGCAAGCTTCAGCACACTTATTGCTCTTG
-3.1134975991029687,TCTACCATCGCGAGCGCTCCCCCCGTCATTAGTCCCTGCACATAAGGAATCTATAAAACTGTTGGGGGATGCTACTGGGGTTTCACCCCCCGACTGCGTT
-1.0406112517863761,GGAAATATTTTCGGCTTTAAATTATTATTGACTATGGGGCAGATCCCAGAGATTGTTTGGAGTCCCATCCACGGTCCTTTACCACGATAAGCTTAACCTC
-2.465004673294164,ACATCAGCGACAAGGTCTGATGTCCATGTTCCCAGATGGGCACGTTGTTAAGGCGTTTAAATCCCGACATGCGTATATAAATGGGGGAAAGCAGTGTCGA
-2.9468237847210577,CCCCTTGCAGGCAGCCCCAAAGTTTTCAACTTTTGAAGAGCCCCCGGGAGAGACATTTGAAGGAGTTGTCAGCGGGTGACGCGCGTAGCGTACACGGACC
4.248010485105123,TGGGGTAGTGACCGTATCGAAGCACTCGCAAAGAGCTGCCCAACCGGCGTTAGTGGCCATATTCCTTTTGAGAACTTTCCATAAACTCAACTCTACCAAC
1.7850774298252368,CCTCTCGAAGAATGTAGACGCACCCTCTCATACAGTTCCAACCAGACAACGCGGAGGAACAGAAACGGGCATTCATTGCTAAGGGCGACGTACGTCTTCA
-3.464547976303271,TGGAGATTGGTGCGGTAGACACAGGGCGGAAGAAGTGGCCCGGAATCGGGCTTCTTCCGGAGTGCAGAATAATCAGTGCAGGCTAGTGTTGTAATAACAA
4.497999377166254,CTAGAGAGGTGCAGTGTACTTCGAAGTGGGACATCTCCGATTTCACCCGAAATCCGTCATCCGTCCTTACATGACCGACATTCAAGCGTGCGATATACGG
1.5364976043830467,GTGAAGGGGTCCACTCTGGAACGTCGAGATTGTATCATTTGGGCTAATCAGGGCGTGCAGGACAGAAAGGGACGTACATCAGACAATTTCATAGGATGGA
4.064310594194801,TCTCTGGGGCGGATGAAATCGAACCGGCCTTCATAGAACTTCACCCAACACACTGTATGTAGCCCCGGGCCGCCTTAAGAGGCGAGGAGCCAATCGTGAT
3.148144209618061,AATGGGGGCCCCGGGTGCTTAAAATGTTAGGATCTAGAGCTCGATTTCATGCGCCACGTTTGGGCTGTACAAGAGTCGCACGGTTTAGTATCTACTTTGC
-4.144975054610361,TCACGACCACTCGTCTGTCCGGCTGATATTGAATCCAGAAAAACTAGGGGGCTACACATGAAAGGTTTCGTAAGGAAACTTGGCTGCTACCTAGCACTCG
-2.8009052009848476,GGTCAACAATCCCGGGCCGATCTTCCTATGTTCTAAGGCAGCCATGATTATGGAAAATAGACACTTTTAAGTTGGAGATAGCGTTATCAAGACGCTCAGA
3.736468025616309,CACTGCTTGTCAGGTCGTAATGTGCTACGCTTGTGGTGTAGGCTTCCCATGTTTCAACGACAAACTGCTTAATCGCATTTGTAATTCCTACTGACCACCG
3.0518513271673244,AGCCGCGTCCATCGAATCGCTACCTCATTAATCATCTCGAGTCTACAATAGACAGGATGGATTTTCGGTCAGTCCACAGTTTTGTTACTACATGGACGCG
-0.10450796982074066,CACCAGACCACAAAATCTAACTAACGACGTCTCCCGACCGGACTGCTGGTATCGTAAAATGAGTGCCCGTGCTCTACTAATGACGACGCACTTGGCGTAC
0.5866369165439099,GGTCGCTCCGCCCCTTTAATCGCCTTCTTTGTTGTTATGGTTTTAGTCATGAGGGGTAGTATCTCACGTGAGCGAGAGTGACCAAACCAACACGCTAGAT
6.388324478942124,AGGTATTTTGCCTTAACATCGTAGCGCTCAAATACACTTCTCTGAAACTTATCTGTGCACTCGAACATGTCAACGGAAACTAAAATTGGTGGCCATGACG
-2.9578569441791496,CTAACTGAATAATAGGTGGAATCTACTTGCCGTGGACGCAGTCACTGTGCCCCGGCCGACCAGTAGTTGAGACGCGGGTACCAACTTAATGATCCCGAAA
2.7354869058501894,CGTACTAAACAACCCACTCCAACCTGGAGTCGCGGGTGGTGACGTCAGACCGCATCTTTGGGTTAAGGGCGCTGTGTCCGTGCCGGATTTATTCGTCGCC
-1.0109632621694704,TTGCGGGTCTCTTTTCTCAATCGCAGGAATTTCGTGTCCCATAGCGTATACCCTTGATCCCTGTAATTAGTTCCATTGCTGTCCCCTGCATCGGCTGGCT
-1.0884060161361013,ACGAGCAATTTTTAGGGAGCCGCCGTGCCCGGAATCGGATAATAGAGAAGAGAAGAGTAGCGGGTCGCTTTGTCAAAGATGTTTGTTATGCCCGTAGGGG
5.4938842599359505,GTCTGTGGTCTGCGGACTTTAGAATCCCCCTCTTCGCACAACAGGCGTGACAATGTCGAGTTCGTGATTGGCTCGGGCTCGGACTCATGGTTGATATTAC
4.127081744940149,TCCAAACGTTATATGACTCATTAACGAATAAAGCTTGACGGATAGAACCGACATAATTCCCGCTGTAAAGTCCACGATCGTCGAAAGACATGTCATTTCA
4.067548180003192,TAATCATTCAAATTGTATTATAAAGTATTACTGCGTTTATAAAGATCGCCTCGAGAGTGGGCCTTATTAAGATTTGCGGGGAAACCTTGCAGATTACAAT
6.527394035771645,GTTTCACCACTTTGACACTACTGGGGCCCGGTTCGTATTAGTGCCACAATTCATCAGAGCTGAGCGATGGCCCCTACTGCCCATAAGGTGGTGCTCCCGC
0.10501920816379524,CAGGCGAGCACGATGCATAAAGGGTCGGTCCCAGTGGCAGTGGCTATATGTCGCCATCCCTACCCGCGCGTATTGCGTTTAAAGTTCTGTCCGCGTGTGG
3.4097648564748195,CAAAAAGCTGACAATGATGAACTATTACGTATTTAAGCCTGAGTCGTTTGAAGAGGTCCGTGCTCGTCGTTCATAATTTTGGATTCACAGGGAGCTTTCT
-1.5513337829672802,AAGCCCCGTTCACGTCAGAATGTGTCACACCGCGGCGAACGATCATGGATTCTTAACTCCAACTTTACCCTTTGAGGACATGATCCCCCTGGAACCGCAG
1.6208317624422106,CAAATCAACAGTTTAGTGAGCTAGTTCATCCACGCGTGGGGGGACGACCGATGCTAAAACCGTGAACTACCCATCAGGTTGGCTTTAGTCGATCTGATCG
-0.6507152718384229,GCCAAAGCAATAATCCCAATGAACCCTCTAACAAACCTATCCTACGGGGGGGGCTTTAGCCTAAGATGACGCTAGCCGTCTTCTATCTCCGAACTGCGGT
0.48497982496359093,AGAGCGATAGACGTACGAACTCCAGGGAATGAAAAGGTCCCATAGCCGGGCTCTGGTCACCCTGCGGTACGTACAATATGAGAGCAGTTGCCTTTGCTAA
2.975785127184568,ACCATTGCCTCAGCCAGGAAACGGGCTCGGCTACAAGCTCTCATCACAAGTCATCCGTCACGGAGTCGGCAGTGAAAGCAGTTCACTGTCAGCTGGTGTA
-4.091103416167362,ATCCTTAGAATTGGAGCCGAACTCGAATCGCGCCGGCCTTTTAGTACGACATGATTATGTGTGCGCCAAGGTCGCGAGCTTTTAGCGTGGACCGCGTGTA
10.461936378427302,TGCCACGCATTGAGTGTTATTCACCGGTGGGCGCGCACACGTAGCACTCAAATGTTGCTCAGTTTGTTCATCCATGTAAATCAATATTCAATTTGCCGTC
-5.03008690749851,GCGACACCTGGCGTCATTGACAATCAACCGCACATACAAACTGACCTACCGAAAGAACTGACCGAAAGGACTAAGTGTCGCGTATACACAGGGGTGTGGC
-6.07094306393866,TACCTCTAGTGTGCGCAAAGGCGGCGGCAGTCTATGAGCCCTCCCTTGTTTCGTGATCAAGCCTGAGTCCTGCCGCCGTGAACAATCTATATGCCCAGTA
5.790554367500339,GTAGCATAGCATGAGGGAGGGCCTGACTCTCGGTCGGTGCGCAGGTCGCCTAACCTAACTGATTCTAGCTCTTAGAAAAAACAGATGGTTCCCCTCTTTA
3.958313469814679,AGACCCTGATCGCGACAATTCAAGTCGCGCCCTCACTAAAGGATACCAGCTCCAATACCGGACAGGCGCGGTGAAAAGTCCAGCTAGGTTAAATGCGGCA
3.1205990852607757,TCAAACGATAGCTACGAAATGTGGCTGTCGGATTCTCTGGAATTGACATCAGCTACTTACTATCCCACCGCTCTCGCTGCCCCGTGCATCTGCTATAGGC
3.1417275463213996,ATAAGCAGTGGACCCTATTTGTAGTTGCCCAACCCGCACCCATCCCAAACTGGCAAGACTAGGACCCAGACACTCCCTGAGTCTCGCCCCATAATCATAC
-0.06123386423457312,AATGGGCCTTTGGCTGGTCCCGCCGTTGTGTGTAAGCGTGGGAATGAAAACCGCCAGATCACGAGCTCTCTTCTGTGTTTGAAAGGTGTCGTCCCGTCTT
-4.486271857429157,GAGGTGGTCCATTGGGGGCTTTATGGGTGGGCAGCTACATCAAACTAAGCCACCAACTATGTGTATATTTTTTTCAATGGGTCGTCCCTCGACGGGGTTT
0.3790227909686317,GACTAAGGACGACCTTGAACGGAGTACTTGCCACAGCCCGACGCGCCACTAACCGGGCGTCCGTAATTACGCTGTGTTGATAGTCGGTGCACGACATACG
-3.3858085575605585,GAAAGCGCATACAAGTAGATGCACTGTTTTTTTATGATACTACAACGATTAAAAGATCGGTTCGGCGCCTACGCGGATAGATGGCTGATACACAACGCGT
4.875598667088756,AATTTCTTAACCTAAGCGGTACCTGTTAGCCCTTACACAAGCGACTGTCCCTTTTGTTATCGAGCTCCTCTCATTAATACCCGAGCTGTCTGTTACCCAA
-0.7352869075106933,GAGTTTAAACAATTCGCAGATAAATAACAACAGAACTCTCAAGTACGCGCGACGGCAAGGACTTTGACGTTCTTGTGACGATAGTGGTACTGCTGCACAT
-4.127485983962558,CTGTCTGGGTAGTAGAGCCTATCTGTGCCTGGCGGCCGACGCCCGCGCTGTGTAGTCCAGCGGAGATGCGCACGCGGCAGACATACAAAGTACACGGGTA
-1.606929208264967,GATAAGTACATACAGTGTGGAAAGCGCTTCACCCGTACCTTATTTATGCGTAACCCAGGGGCGGTGGAAAGATGGAGGAGTGTTGAAAATTTGCACTAGA
2.0646572713781217,TACCTCGGCATTGCCTAAAGTTCCACTGTAGTAGATTGGATCTATTTTGGGCGTGCTGTGATAAGCAGGGAGCATAACTTATACGTAATATGTCCGTGTT
-2.8186227640198736,CTTGTAGACCCTGAGGAACGGCACCCTTCTTCGTTTATGCTTACCTCAAAAGTATCTGTAAGTGGGGGCTGATAGCAGGCGACACAGGAGGCTTATGAGT
-4.111101977832157,GAAAGTTACTTCAATATACTATATCATACCACAACGAATATTCACGTTTAATTGTGTTCAGGAGTAATAACTCGATTAGGTTGTGGGTCGAAATCTCGCA
1.2184360574595616,TCAGATTCATAAGATCCATGCTAAACATTTGGAACGTGCGCACACGGATTCTAGACTACAACCACACGTCCCGAAGCTGGAATTTGGCGTAAAACATGAT
1.2248328555436139,ACCACGAGCGGGTTTTCCGGAATTGGGGCTTTGATATGAATCGCTCGCGCGGCTAGATTCATCCAATTGTCTAACCTTGCGATAATACCCTCGTGTCTAC
-2.534715876855649,TCCTCAAATCGTTGGATTAATCCGGCCTACTTCCGAAAGTTATAGAAAGTCAGTGACCTAATAATATGATATTAGGAAATTGCGGAACAACTCACCAGTT
-2.355191528091614,GTTCTGGGCATGAACAATGGTCCTCTCTTTGATCATCTTGACAGGTAAGCAAGCAGCTGTGAATAACATGTCGTCTACCTTCGTAGCGAATTTTAAAACC
1.1602496867881815,GATATATCGCGCGCTGCTGGAGGTCGTTTTAGAATTACCGTTTCCGTTGCAGTCGGCTAGTAAGACTATGCTTCAATATGGAGACTTATGGGGAAGTGGC
-7.240421707486621,CGTCGGTGATCGATGGTAACATGTCTGACAGTAACCGTGAACGTGCCGCCGGGGCGCGATATTAGTCCATGATACATGGATAAGGGTTGAGGATTAATTT
-7.037318871882777,GTTTGAGTACCCGAGTACTGGTGTGTGATTAGCAACACCGGTGTAATCCCGACGATGCATTAGCTAAATCGTAAGGGGGCAATTGGAAGGAGCTTAGACC
-3.59222110626218,ATGGTAGCTTCTGATCGGGCCCAAGTTGAGTTTTGCCGCTCGGGGCCCGGTCACCGTTCTTGAGCTTCCCGGATTTTACGGGCCCCTAACAGATGTAAGG
-1.0672357585592362,CTAACCCGGGCACGTCTAAAGACGCTTAGGGTGTCCCGTATCAATGACCTTGGGAGCGGGAAAACCTCATTGAATAAATATCCAACGCCTGCTTCATTAT
1.554537827990023,GCGAGAAGCTAAACTAGGGGTAACGATTGGAGAAGGGGGACAGTTTCAGCCGCCCCCCAAGCGGTGGAAAAGGAGGTATTGCTTTATACACGATTCTGCC
7.37678108474776,CGGCCAACCTTAGCAGATTTTGGTGGATCTATGTCGAGTTCTGCTCCGCTGGCGAAGCCAAGTAACATTTCGATCCAGAGCCATGATGTAGGCTGCCGAG
4.288298116010097,CACTTTCTTGCAAGCAATGCAAAGGCGGCTCCTTCCCGAGTCTCCGTACAAGAGTCGACAGGCCCAAGCAGTTAGAGGCATACTAACGTAGCACGCCTAC
-0.7996926498171355,GGGAAGTGAGCTTGTTGGCGAGCGAGGTTCAATACTATGCACAACTACTCTGGTCTGACACACATCTCCGTTACGTGCCACTCAATTAGCGGCATATAAT
-0.09508103951344415,GACGCGCATAATTGTTCCAATCCTCCGTGCAAACGCGTAGATCATTTTCGCTATCTGAGCGACGACACCACAGCGACCGACTTTATAGCAGGAGAACCTG
-5.012646823189044,ATTACGGTACCCCTTTGGAGCGAAATTAGGCGATACCTGCGTATGCTAAATTGAAAACCAATTGGTCTGTATTTTAATGCCCTAGGAGAGTCCGGTTGCA
-0.09256567996194966,ATCTCTGTGCCAGTTGTACGAATTGCGCAAGCATGCTGGTACCCTCATCTGTTGACTTTGGGTGGTCCTTTGACGCTTACGCGCGGTAGCTGTATGAAGG
-1.4432931946006917,GGCGTCGTGATTAAGTCCTCAATTACGACCATGGGTGTCGGTGTGTCCCAGACACAGTTTTACCTGCTTAGTCTAACAGTCTCTGGAGGCGTTATCGGGA
1.6135928016904475,CACCTATGCCTCGCCGCCAGCCCTCGAGGCGTATGAGTCGTCATCAACTTTTTCTCCGGGATGTTCTCTGGATGGTGTACCTATAAGCGTTTCATCTTCA
-4.136154717761615,GGTAGAGGACTATGCTAACGCGTTCTAAGTGGGTGAAACGCTGTCACATAATCCCCGTTTTTAAGGCACACATTCTAACGCCGTACGGCATAGTTTTCGC
2.5967325712058615,GTCACTTACTACTCGAACTAATCTGAAGCCACAGTCTGGCATGAGAGTCGCGACCGCCGGAATACGAACTGGCTGCAAAAGACGGGCTCGTGGGCGAAAA
7.6636945650128885,ATTTAAGACTTTTTGAGGGCTATCGCCTCGGCTCAAACGTCTGCCTTCGAACGCTCGCTATATCGGTCAAATATGCCTAAAACTCCTTTGATGGTCGTGC
-0.543800742284288,CGTGGCAATTTATCTATGATACTATGGGCTTCCCCACCCCCACTGAATCAGGGTATAACGGGAACGAGCGCCGCTTGTGAACACTGGATGTCGTGCCGAC
2.008558610494707,CATGCATTCTCTTTTAACGTACTTCATGGTCTCCACCCTTGGGGTGGTTCGCCGATAGACTTCGGTCTCGGCGCGTGGAAGGTGCGGAGTTAGCAGTTGA
3.4507199585555623,GGCTCTCCCGGGGGCCAGGAAGACGGTTTTTTGCAGTGCCAGATCGTAAACCTCGCTGATGCCTTGATAACACTCTGGTACCACCGTAGAGGGTTTGGAG
-2.0061023594291814,CTCCGTTTCCGTGTCCGTCACTTGACAACTCCTATGGCTTACCGGAGGTTTCTGCATTGCATCAGACTTTACATGCTCAAGAACCAGTAGCCCCATCAAG
1.1204624090520838,CCACGGCGGTACCCGGGTTATGGCTCGCTCCTGACTAAACCAAGACTAACCTTTGGCGAGTGTTATCTGAATCGTTACTAGCGCACCTACGTTCTCGTCT
0.0629620039089743,GCTTGTTAGAACCCGAGCTTTCTAGGGTAACGGTGCTTAAGCGTATGTTCACTGTACGCACGCAACTATACTTTTAGACATCATCGAATGTCTAGGTAGT
0.4883804927441586,TCATATGTTTGGTGTAAGGCTCGTCAGATTTAGAATTTCACGCCCTTGGCAGCACCTATGTTGTTGGTCTAGCAAGACACTATCCTCTCGGGCAAGGCGG
-3.8650489192773323,CTTGGCCCTCAGTAGGATTATGTCCCCCGTCGTATCCGCGGATAACTAGTTAGGGTATTGCCCTTGGGGCGGCGTTGCGCTGTGAGCCATGAAAAGTAAA
0.12255087129471356,TATACTCCAGCCACGAATTACGGCGGAGGGCTCGATATTTCTTCGTACCTCTGGCTGTAATCGGGGAGTTTATTTTAGACATTCGCTATAGTGATTTTAT
2.4899914562272487,GTGAACTTCGAGACGGCTGTATTGCCCCAGAATAATCCAAGAACTGATGCGGTAGCGTACGAGCGCGGTATTGTGAGCATAGCCCCCACAGTGGGTATTT
7.255718038975209,CTAATTATGTCACCTTGGTTAAGGCACGATTCATTCACCTCTCTAATCGGGGCGTCTGCCAAGTAGTTAAGAATTACCGACTGTTCTCTATTTTAACTAA
4.796354130426034,GCCTAAGTACTATATGGGTCCGTTAATGAGTCGATAAATTCTTCTGGAGTTCGTTGCTGAATTCACGCTTCCAGAGCGAAATCGAATAAAAGAAGCGCAA
10.765912287557782,TTCATGCCAGGCGTAATCCGGATTATCATTGCATATCTCAACTGACCACCACTGCCTCAATACCCTGTGCAGGGACGTTCAGCGCCAACTAGCATAAGGC
-3.8367378144402475,AACGTTAAAGTTCCTGGGAATGCCACAATGCTATGGGCCTCTGGTTGTATGCACCATGGTTCGGTCGGTAGGCGAATAGAATGGTAACGGTAATAGACAA
4.361603183603391,CTCCTGACGATCAAAAGAAAATGGTCTTAGGAACACCTCCATCCTTTTTTACAACGCTATTTAGCTTTATATTAATGCCTCCACTTCGCCGGTGCACTCA
0.9167100286917587,TGATCTTTTACCTCTCGACATGTCGGTCAAACATCAAAGAAAAAACGGTAATGTCTAGGCCCTATACTCATACACACGCCTCTTTTTCAACGCCAAACTA
10.949014666088361,GCGTGTATGTACTTTCACCTCAATCAGACCAAGGGCGCATGGGGGGTGAGCAAAGGCGTCATACCCTTGAGGTCTAGCTCACCAACATTGTGGTGTCCAT
-4.041491426775758,CAATGTGTACGCTTGATTCGCGCTGGCGGGGGTCAACCTGGCACAAATTAAGCGTCTTGGCTACTGAAGATTCACGATAGCTTGAGTTCGCACCACGCCG
-4.19860921090388,TCGTGCGTGAAGTAGACCAGATACAGAATTCACTGCCCGCAAGACCGCGTGCACCGACATCCGTGTAACTCGAGGGCAAAACCTGGCCGAGCTGAAAAAT
-2.9969632272201108,TACTACCATATGGAATGGCAGAGACACGGTGGATTTTCTTTCCAACTTCACGACAGCGGCCGTAGTGCTATGCACTGATCGCCTCGAAAATCTTGCATCT
-10.619478621549035,CCCGGTCTCTGACCCGATGGGCTCTCGGCCCGCCTTTGCGGCCTTACTCGCCCCGTCTGAATTTGGACACCACTGAGAATCCTGAAATAGTTGTCTCCTT
-2.628775108403805,ACGGCTATACGGGGAGACCTAGAGTTAATACCATATTCTCGTACCGGCCAAGTATCAGCTGTCGGCTTCGACAACATACGTTGCAGGTGGTCCCGTCGTT
-3.79566330776849,CGCACGGTGCTACCTGGTCCTAGTTAAAGAAGTTCTGTAGGGCACAGGATCTCACTCTAGCTCCGGCTATTTCCCTTTCCACCGGTCTTGCGCTCATGTC
0.7519689323810381,TGTTTGTCCGACGCACTCCCCGACTGGCTGGCTCGCCCGGTTACCGCATGTGGCCCTGACGTATTCTGATTTCGTCTTCGCTAATATTAGAAGAAACTGA
1.7087798788857973,ACTACGGCTTGATGTGAGACTTACGGCCTCGAAACCGCCCGTTTGAGCCGATCGCTAGTTTTGCAACGCTACCGCTTCTATGACGTCGGACGCTCGCGCC
9.380854196079431,AAGTATTCTGAATCCGCCTAGATAGAAAACTAAGCAGTCATGAGATAGTCGAATTTCCAAAAGAGTGACTCCCACGGCCAACTGACCACTAACCGACCGT
4.752119190930252,CTATTGTTAGCCTTGCCACGACCTATAAACGCCCTCATCCGTCCCGTCTGCTTTCATCCTCGGTAGTCCGACAAGCAACAATCTCAATGCTATTCCTACT
-2.8845182783120156,ATCAGGCACAGGCCTTGCAAAGGAACACGAGAGCATTGAGCTGGTATAACTACTCAGCATTTGCTTGTTCTTGGACGAGAACGATTATTATCCTGCGAGA
-4.492073356741789,GCCGGCGCCGAGACCAAAAGATCAATGGGTAACCGCGTTCCTTCTCTCCGTCATCTTCCGACTCCCTTGGCCCCCTACCGTAAAATGGCCAGCGCCTAGT
2.4595958575325287,GTGGCGCTGCATCTTGACTGATATGACTTCACACCCAGCTTTAGCGATTGGCTTAAGCTTTAAATATGGCTGACGGCGAAGCAAGCTGATCATGCACTGA
-6.601166035103211,CGCGTGCAGATCGTATTAATCATGTAGGCGCTTATCTGATGTCCTCGAAGTATGCCATGTTACCAAACAAGGAGTCTGGAAACACCCTTATAAATGGCAG
9.157293829271769,TCTGCCCAACGAGCGTTGTAGTAGGCGCCTGCAGATCTACCCGCACTAGAAGTGAGATAGAGCCTAAAAGAGCCTCCGACCCGATCGCTGAAAACGTTGT
5.897200603606435,TGCTGAATGCAGCGTCAATCGTTCTCTCAGTGTACCGTATGCTAACAACTCTTATACGGTCCTTTTAGTGCTACGTTGTTGGATAGTTTATCAGTCATGA
-2.345878260523524,AAAGCGATCTGTGCCATTTGGTTCGCGTTGATAACTTTCGTTCGCAGTTGCTCCAATGTTGCGCGACCTCAGGGCGCACAACTCTCATGGTCCCAGTGTC
-8.565672645454388,TACCCTTGTGTCGCATATTCACAGGCACCGGTGCTTCATATTCCGCAACACTACACACTTGTAGAGTTTCTGTGTCTTTGTTGACGGGTGATCGAAGGTA
6.769361870827064,GGATTAGTGCTCCCAGATTGGTCGTTCCTAACTCTGTACTGAGGGTTTGGTTATCGAGAAATGAGATCCGATCAACTGCGGCTATATGCCATACTGTTTG
-0.5726992262630894,CCAGGTTGGGGCAGAGTTCCGAGTCCAACGATCAGGACTCCCCTTACAGGCAGGCTTACGCTGACCCAGTGGCCGCCAAAATGGCCAGACCCTGAGGCGG
6.189081559867309,CTGCCACGTAACATCGAGTTAACTGTCAGTTCGCCTGGGAGCCCTGCTCGTTGAGCAACCCAGTCTGTCTTCGCGGCCGATTAACTTTGTTGCCTTAAGT
-7.9721382939718355,TCTTTACGAACCTGAGGCCCCTCCACAACTGATGGCAACCTTAACTAGACTTAATCGGTTAGCTACTATGCCACGAGTGGTGGGTATTGTGCTTGCACCG
-2.9968751147688644,TCTCGTACCCATAGATTGCTGCATCTGCCCGTTTGGACAACTACAACCAAGGTGATTATTGATCAACGCTGACGACACGAGCTGGCGCCTACTGATTAGA
0.02621849859091583,ACTGAGGTACAGTGGGGACAAAACCATGTCGGGTTCGGCCCATGAACCATGAACTCATTGTAGGGTGTCAGAAGTTTACCAGCTTCACTACGATCCACAT
0.23490296882371028,TAGGCTGTCAAAAATTGCGACCACACGGAGGGGCGATCGTGTAAATAGTCCGCCTAAAACGCATACTCTTTGGGATATGGAACCTGGGGAAACAGGCTGT
-2.2503273573962184,AGCTCTATTCAGCATTTTCGGTAAAGCAGGCAGTATCAGGAAGCTTAGGCAATAATTCCCTAGGAAAGGGCGCCCGTAACAAGACGACTAGCGTCTCTCC
3.1142496617374937,ACGTTTCCACGACATGTACCGTCTGTAACACCTTGGGAACTGTAAGAAGTCTGCTTGAATCAACATCATGGATAACCTGATACAAGAGCACGGCCTACTG
-5.338102146912972,AGCATATAGTGGGTCAGCACTATAACACGTAACTAGTAGATACCCCACTACTGTTAACACCTTAATGGAGAATTATGGTTCCATGCCTGGCTGGAGCCAA
-0.7118974251064675,ATTGGGTAGCCACACGACTGCTATAAGGCCGGTGGGCGCAAACCCAAACTTTTTCGGGACCCTATGTCCAGCCGTTCTCATATTACGGCTAGTTTACTTA
0.6014781585594943,ATATTCAGAGTAAAGTATGAACGTGGGTGACGGCACCCAGGCTACCCTTTCTTGTACGCAGGCCACCGATAGCGAATTCTGCTTAACCGTCACACCGCAC
2.572194170293745,CCCCTATAAGAAGGAGGTTAGACAAATATGCTCTCTCGCATGCTGTAGGGTTGGTATGAGACCTAGGAGATCGCCTGTATGCAGGTGAGTCCGGTAGAAG
3.5580743904444487,TGAAAAACAATGGCGAAACTCATTGCCGTTCCCTTCCAATGGTAGAGGCTGATGTGCTCAGAGCCGGCGTCCAGAAAGACGACCAGGGACCGAGATGACG
-5.623210459189346,GTAATTGGAGTCAAGGCATGGGTCGAGGAAATTGATCTGTATGAACGGATAGTGAGAGAGTGACAGACATCATTGACGGACATGCTCATCCCACCTGAGT
-7.670570853678111,AAGAACATACCAGCAGTTACGCTACCATCATCGGTAAGCATTATGGCTCAAGCTACTATTTGGGTTAACCGGTTCCAGCAATATCTAATGGCGGATAAAG
6.388384109492545,AATACCGAATGTCGAGTCATCGGCATGGGAAATATTTTACTTTTGAAAACTGATACCTGGCTATCGCCTCGATCTTCATTGGAAACCCCCTTCTCTACAA
1.6615700598979584,ACGCTGCGTAGCGGGCGAAGACCGTACTCCCGCAGGCGGTCAACTCTCGGCTTTCCTCAGCTCCTAGACTATTTTTGGAACTGTTGTTTCCAGTGCGGGC
-3.742432682782768,ACGTGTTAGTTGTGCTCGTTGACAGTAGGGGCTTTTTTGTTATTGGTATAGGCTATAGCATCGACGGGTAGTAGGACGCTCCCCTCCCCACCATTGGCTT
7.755759877612615,AAGAGACACAGGTATTCTTATTTCATGTAATACGCGCGCCAAAGAAATAGTTTACGCACTCATCCGTGGATTCGATCCGCCACTCTAATCTCACGCCCCC
0.5783731714642933,ATAAGAGCTAATCAGTGCTGAGACGGTGTTACCCGGGGCGCCTCTAGCTCGCCGTCACCCTGCCACCTTACTTCCATCGTTGAAGGGAGCTGATTCATTT
5.896485920319132,CGTCCGGTAGACCATCCGACTAAACGCAAGCACGCTTCCCCTTTTCGACAAGTAGTCGTTTCCGCGGTGCATAGAGTTGCGTCGGCCTTGGTTCCTCCGT
0.3375924070505448,TTCGAATCGATCGATTGGCCTCAAAGTCTGAATCGGAAAATCGCATCTATCCTGTAAGAATTCGGAGCCAAGACAAAGACTAGCGTCGATGGATACTCTT
10.303739624409936,ATCATGTTGGAAAAAGGTGCGAAAATTTCTTGTTGCCAGCTGGTTGACCCGGGGCGGCTAAATATATCACCAACTTTAGGCCATGTACACAACGACATAA
8.776704212216021,ACACCGCCCACGTGACGTGATTCTTAAATAGCCCCCCCCATCTCTATATTGTCCATACCTGATCTTTTGGGGCACTTCAGCGGGATGCTGATGAGCGCGG
-1.2448207423953674,AAGTTTGAAGGCTGCACCAACGGCCAAGGTGTACCACGTAGTACAATACGTGCCTACTGTACTTATTAGAGGGAGGGTTAGATTCTTCACAGACCCTTTT
4.857854754771777,ATCTCTTACTCTCCAGATTAGAGTGAGTGTCTTGATTTTAGATAGATTACCCTTCCGTAATAATCTATACGAAGTAGGAAGCACGTCGGATATTATGCAC
3.2268797479257376,AGGTTCTCAACCCGAGATCGCTGAGATTCGGCGCACTATCGTGGAGGAGATAGGTGTAGCACCAACGCTGCAGTCTATTCAGGTCGAGGACGCCGTTCAG
6.8431577876617435,GTGCGGGTTGAACAATGTCAGATAGGCAGTCGTAGGAGGCCCCCTTGGAATCGGGTCCAACCTATCTGTTCGAACGTGCCTAAAGATAGTCCGCTGGGTC
-4.824617302900522,CCCTAGTCGATGACTAGTGGCGACTGACTAGCACCTTATTTTCCCGTAGAGCGAGTTTGGGCCAGAACGCTACTGGAGTTTGTTTTTGACCTCTATCGAA
3.4302572999921965,ATTGTATGTGGCTTTAGTTGAAAGTAAATAGTCGTGAGCGACAAGTCTAGCGTGTCAATGAGTAATGGTTGCTTGGGGTTGGGTTTGGATAGGAAGCGGA
5.292122434247939,TGATTGTACCGCCGGCTGTCAAGATACAGGTCAGCCTGACGAGTTTCCCCTCTCTACATAATGCAGATCCTCTAGAGCGCAGTATACGTCTAGCTGGCCA
-8.793697432115572,AATGAGCTTTGCCCTGAAATGTCACCCCGATGGTCATGATGCCATCTGGACGCGCTCGACGTCCCCAGGAGAGATCTACATCTTGGCATGTGCGGAAATA
-5.916292563328875,TGGCCCTCGACTAGCCCAACGACAGGCCTGATTATGAAAGCAAATCAGAGTGCGGAAATTGTTGCGTGCTCGCCCTCAATGATGTCAATAACTCAAGCAA
-10.196160888800502,ATGGTTTGGGAGATGACCCAGAGCAATCTTAGGCCAGATATCACTTTAGGAGCGTTCGGAGTACCGCCCAGGCTGGCGTCGGTTGAGACTAGGATGCATC
-1.3470341722227888,GTGTGCAGTATGCAGTACTCCAACGTCGTGCGACTGATATTTGAGGTATTTATTCCTAGATCGATACTAGCCCTTCGAAGTCTACGCTGCGACACTGTGA
3.5877112789798113,TGTTGGCACGTAAAAACCGATGCAGTGGATAACGTGGGCCAAGAGTATAAACGAATCATGTTTATCTAAGTATGAGCTGACGACAAGAGCTCGTAACCAT
7.51178526048014,GTCTAGTTAATTAGTCGTAGGAGGACAAAGCGGGCCGACCCAGGACCTGCGGCGGTCGTGCGCTAGCATGTGGGCCCGCAACGGGTCAGTTGGTGAAGAC
0.37047390209887593,GCGAGCACCTAGGCTCTAACCGCGGTCTCGCCTAACGAAAGGGCTTCAGACAGGTTGGTAGTGAACAGGAGAAGCCTCTTTCGGCCTTTTGGCGCTAAGA
8.14307772785646,CTCATTAACTTCGCCTTAGGAATGACTTGGAATGAGAAGATGTTTCCCTATTGCTGAAAAGCGAGCAAACGCTACAGATTGCTCTGTTTCAAGGGCGTGA
-6.900507291074457,ATCTTATGCAGACGTCTTAAGTGCCCGCCGTTAGAAATTAGTAGAGTACGGCGTAGGTCAGGAGATGGGCAATCAACCACTGCCTATCCGGGATGCTAGG
-8.516912196775774,TGCGTTTGCGACATCCGAATGTAGTTAGGAAGATTGCGCGGGCAAGGACCTTAGGGTTAACGAGCGATTCACAATGGCTTTTACAGTCGCTAACACAATT
-0.2777384944830939,CCATAGTGGGCCAGGTGAGGGGTATTCATTATAGAGATGACTGCCTACGTTTATCCTAATCCGCTTCCCAAGTTTCTCACGCCCATGTTTCAAGTTCTTG
1.9203272446965363,GAGCCACGTCCATTAGCACTCTGAGGTACGGCATTCCAGCTCCTTGGCGCGAGTCCCAATTATTTCACACAGACCAGTAAGAAGATCGTTGTGGGGTCAG
-0.16347374047046556,GATCGATGCGTCTTTGGGTATTACCGACCACATTTCTCCCTTCCCGCTTCCTATGCGCAACCTAATTTCCCAGGGAGAACGTCGTGGCCCTAGTTGGTAA
-10.337210500199383,CCATTCATTGGCAGAGCCTTGCATCCCCCGGTGAACTGCCACTTACGAGTCAGATCACAAGGGCGCATAGCCGCTTTCAGTAATCACTCTTACCACTCTC
-0.44560019756394204,TAACACTTGGGGCTGATCCCACATTTCGACTGGATCCCCTGAACCAGATATGCGCTAAGAAAAGCAACTTATCGGGCCGCTGATGGTCATGATCCGTCCT
-6.522347502524266,AGAAAAGCATCTGGGTAGCGCTCAGATGACGGCTCGGTCGCGAATAAACCTGTTGTGCAACGTGCAAAAGGACACGTGACCAATCAGTTTCGTTTATCGG
3.3483627441501924,GGGTACGGAATTTACTCACATTCCTAACTGTAGGAAGAGATCTTCGCAGGCAGAATCAGGTGACGCGCAGTGCGTGAGTTTAAGATCCCTACTTCGCCTT
1.8329912304842413,GGGCATATATATTGCGGAACGGTATAGGATTTCCATCCATAAACAAAATCATTTGGCTGGGCCAGTGGTCTGCCGTGTCAAATTTGTGGAGGCTCGTTGC
-4.699398931636776,GAAACCCCGACTGAGCAGCAACCTTCCTGCTTTACCGCCATCAGCTTTCTATACGTCGCGGCTCTGTAGTGGACCGGTAGCCGATAGATCTGTCTAGTGG
-2.5693345866834676,GGTTTTCGTACGAGAGCGTTCAATGCTGGGATCACGCGTCAATACATCGAAGTTAATCCACATGTTCTCCGATGAAAAATCTTTAACGGGTGTAAAGCCG
-5.296067609444758,TGCAATAGACTGGCTGTGATGTAGCCGAGTGTCTAACACTATGAGAGTATCTAACCACATAATGCCCGGTTGTACCGTCTAGCAACATGGCGTCATTTCC
-0.3133954863658594,TAATGTTACCGTTGTTTAGGAACGATCCTGAAGTCGTTGACATAGTCAATCCATACTTTCTTCCCAGCTTACGTAACGATGGACAGCCACATGATCTCAT
4.775711602506191,GAGCCCCGCATTGAGAACAGTGTGATGTGGAGTAAAACAATCTCGGAACTGATTACAAATGGTGTTTCGGCCGCGATGACACCGACTAGGGCGGAAATAA
-4.928630231677719,TTCATTTAAGGACATTAAAGGCACTTAGTGCAATCTGTAATCAGTTCGTGCTCAACAAAGAGGCTTATAGGGCCCTGTCTGCACTCGTGATCGGCGCAGG
2.520232577589222,AGCTATTATCGTAAATCAGGTCAGCGCTATAGGTAGAGATATGTCTTAGTAGCGCCCTCATTATTCAGGCTACGCGATGGGCTCGAGTTGTCCCGGAGTT
-2.651288091862204,GATATAAGTCTGCAACTATACCCTATTAGCTAAACCGCGTCAGTAAATGACATTCGTGGGTTCCGATAACTATAAGGGCAGTCTTTCGGAACCGTTGATT
-3.964364161311721,GGACAGTGCCATGGGAGCTATCGGATGCAGATGATACTAGGTCGCCTGGGGGGACGGGGTGAGGCTATGAAATGCATCACGCTAACAGTGCCATTTCCAT
-0.5351517997727891,CCGGTGAAGTCCGTTCCTCAGTGAAAAAATCAAAGACATCCTGATTATAGTCTTCTCTATACACGGTGTACATAAAAATAGCGGCATGACCATTCCAGGC
-5.17621161209687,GACCCAGACGGATATAAAGTCGAACACCACCGCCGCCACCTCATTGCGGTCTATGGTTAAGTGAAGGTAAGGGTTGTATGGCCACTACATCCCTGCGGTG
-2.7682465267359104,GAGGGGAACCGCCGGTTCTATAAGGCTCGAGTTGACGGCGGACAGAAGACAACGATCTTCAAAACTCGAGCAATTGGAATACATCTAGTTTAGACTGGGT
-5.989389462944242,TCTCCTATGGCTTTGGCCTGCTTGTGCCATGGCCATGTACTGACTTGGAGACGTACTGCCGATTCTCGAGATACCGACGTCCCATACACGTCGTAGCTCG
9.823625664581947,ACTCCAGGGGGGCTTCCGGTAGGTAAGAAGCTCATGATAGGCAGTCTCGAGCCACTTCACCTGAATAGTAGGCTTATTTATACAAATTTACTCCGACTCT
0.17631775985864306,TATACTCACTCTCGATATGAAGGCTGCGTAGATAAACGAGCTGCGTCATTATGTATCGTGAGTGTAGACGGAGATTGAATAACATCATTGAGTCGCGACA
-3.498627539962928,AGACTGGGCATCCACGTCATACCGACGGATAAACGCAGATGAACCCGTAGGTACGAGCAGTACGGGCTATTGTAAAAACGTGGGAAGAGCTGAATGGGCC
1.06989955367111,TGCACTCCTTCGGTTTACATCTAACTGGCCTCTTGTTATTTGGGGTTCCGCTCTGAAGATGCTGGTTCGCGCTATATCCGCGTATAACTATCGTCAGCAA
-0.5616402484541492,CGGGTTATAATGCTTCCCCCAAGCCTAAGCGGGGAAACGAACGAAGTAGGGCTCATGGCTGTCCGATTAGCCCGAGCATATAGGGCATGCGCAACATCCT
-1.104847997666115,GAACGGCACCTGAATGCTCGACGTGATCAAGATCCTTACATTTACATTGTTGCTGGCTGCGGCTATCCAGAATCTACAGGACCGATAAACGGCGACGTCC
3.070833500217126,TCGTTCTATCCATACCCACTCTTCGATGTTGGTTCCCTCGTCTCTGGTAACCCAGTCGTCATATTCGTCAGGGTAATGTCTCAGCACAGGCCGCTTGTCT
3.7875385502365253,GCTAGCGGACTTATTTCCGAGCGGTCCCACAGGTTGCGTACGACATTGGGATACAAACCTGTTCGTTTCAGTAGATTCACAGCTGATGAGGAGCGGACTC
-2.6525057380526373,CCCTGATCGGTGTCATGATATCAATGGTTAGAGAGGTGAAAGTATAAAAAAGATCCCAAGACACGATATGATTGCCACTTACCTCGGTGTACGTGATACT
-2.8790912032234,CATCCGTAATGCAGCATCGAGCGCACTCGAACAATTGTAGAAAAACAACTTGCTGAGTACGACTTAGTTTCATGCGCCTGACACTCTCTTCTGTTTTGAG
-1.37525848575822,CTTTTGACGCCACATTCTGGACCCTTTGGAGGAATTTCCTCACACAACTATTCCCGCCCCGTCAACAGGAAGGAGCGTACCAAGGGCATGAATTGTACTC
-11.509605823677925,TGACCGCACTACGAAGTAATACGTGAGGGCGTAATTGGATAATCGCCCTTCAGTGATCTTACGACGGTTGGGCCCTTTACTCAGGCATCTGCGACTGAGT
-7.575955310992761,AATGTACTGCTGCATGGTAGGCAGCCGAGGATTATGCTGTCGAATTGCCACGATAAAGTCCGAATTATGACACCACGGAATCGCCTACATTGAAAAGGCT
6.834371337222623,GGTTGTTTTTAGTCCATGACAGTCTTCTTCAACATGGTATCAAGGAACAATATAGACTACCGAGCAGGGCTCATTTGCTTCACCCGCCGAACCACCGATG
8.224838567506419,TGTCTACCAGTTCGGACGTCTGTCGACTTAGAGACTGGGAGCAAAGACTTACAAGGAAAGCGCCGCATACCTTTAGCTTCGAAGAAGAGCCTTCACAACC
-1.2451801977818917,TTAAACGGTACTATGACCTCTCAAAAATGAAAGCTATATATCTGGTTGTTGGACCTGGACCCGCCTACACTACTAGTGGCGATTTTAATACCCCACATCC
2.882784815278832,AGCGTCTCCCCCGCCACTGTTACCGTGCGCGCAAGCAGTCAGACAGACAAATTTTCGTGGGGTGCTGGTGTGTACACGTACATGCCGGTACCGGAATGTG
1.5562507727176804,TCCGTAACCTGCCCTACATTCCATCTTTACCTGCGCCGAGTTTGTTAGGTTAGCTGTATACTAGGACGCGGCACACAGTCTCAAAGATTCCGAACAACTC
15.39440404227619,GTCAATCGCCGTACGACTTTCATATTACGTAAGGGTTACGCTGTTTTCTGCTGACCTTCTGCAAGCCGGATGACCGAATCCGTAGCCACAGGCTCTCTGG
5.597874557172884,ACGGGCGGGGAAAGAGCGAGTTCCGCTTGTTAAGTACAAACTTATTACGATCTGGATGGTACTTACAGGTAATGCGCTGGAGTTACCGCGAGGGCGAGTG
-0.6395879574038327,GTATGGCACTGAACGCGAGTGTAGACTCTGCCACCGATAGTGAAATTCCGTTGGTGAGTGTTCGGATGTGATTAAACGTTAGCAGTTAGAATTTTAGTAT
-4.7777022030021286,GTAACGCGGTCCAGGGTGGAGTCCGCATAGTAGTTCCTCCGTGTGGGTAATCTGCTACATACGCTTCCTCTGCGCATCTGACGCACATAAGCGATGCCAG
-8.032231601287862,GCCTTTAAAGGGTAGCGGCTGAAGTGGAAGGTTACCACGAACTGGATAATCAGATGCCGCCTGCACATTATTCGAAAGAGGGGTTCACTACGCTCTGATC
1.0173181793361155,ACTTGATAACGCTAGTGCTCACCCATTGCTACTCGCCGGTTCACGCGCTTTCCAACACCGCCAAATCTCCTTGAACGAGCATAGGCCCACGATCAGCATA
-3.781753726421517,ACGTATTCCTCAGTGAGCGTCCGTCCAATAGGCTGGATGCCGGATGGCTCGCATTAGGTTACTTCCTGTCTTCGTTCTTGTGAATCACGCATCGTGGTTC
-7.111268547988371,GAATCGCAGAAGATCCCAGTTTCCTGAGCACAGCGCTGGGCCGAGCGGTGTTCATGTGTTTGCTGATAAGGTTGCAACGTTTATCGACGTCTTCTCCACT
-3.232864421212633,ATGTCCTTATCTGATGGAAATGGTTTTTCGTCGCTACATGCGGAGCTGGCGCGAGACCGTTAAAGTGAGAAGAAAGTGACAATCGTTACTAGTAACACGT
-5.407740018071975,GACCCCGCCCAGTGTAATAAGGATATTGACTCGCGTTGCCATTCTAACGAATTTCAGTGTCGAATCTGGTTTACCGGTTGTTTTAGAAAACGGTACCATG
8.435708175362823,ACTCTCTGGATGAGTTTACCGCTCTTGTTCACCGGCGAGTCTTCAACAAAAAAGCAACGAAGCACCTAAGGATATTATCTGTGCCCGGCAAGACGTTCTG
4.408198784747253,AGCGAACTATAGATTTCGTGATCCTTCGAGGTGAGAGTCCGGAGAGGCGTCCTTACAGAAATTCGTACTTACAGCGTTTCGCCTATCAGTCCTGCAGTTC
-0.03986320658308686,GATTAAAAGATTGGCCGGGCCTTAAGCAATCCTTGCCCAATGCGGGAACGTTATGGGTTAGTATAACTAGGGGATGGATTGATGAGCGCCTGCACCTCAA
7.39972069445013,GAACCTCCCGGTAGCGATACACTATGATACCAGATTGTTTTCAAAGTAAACTTCTTTCACAAATATGCTAGATCACGCGGTGATTTCGTATTCAACTACA
0.38684153823809153,ATATGGCGCGGGTCTGCAAGTCTATAAGCGTATCGACCATAGCGGTCGACGACCACGACCTTTTTGCGTGTGCTGGACGAAGGCGCCCAGTCAGACTAGA
-4.306421006641318,GTCCGCGGTGTCGAAGGGACCGTACGGAGCTGCGCAGACCAGCGCCGAATACAAGCTGTCAGGACTAAATGAGGTAAACGTGCACTAGTCCCAAGTACCC
7.6156203863482865,CTTGCTTACAAGTGCGCGAGTACGAAATCAATAGACGGGAAGCCCTCATACTCGGCCAGCGCACATAGTACGGTCCGTAGAACTGTATCACTTGACCATC
2.6945502184232932,ATACTCTTCTTCACACCCCGCGCCCGCGGCCATAAGATCCGGACCGCGTAATTATTGTCGTTCCCGCACATCGTAGCGTCCGAGCAGGCAGCCTATTTTG
-5.186230771632282,TCGAGCAAATGGATATGAAGATTTTTCTGGTTCGCCCCGATGCAATTACTTTTCTCACCTACAGGTCCGCCTGCAGAACTCCATAGTGATCGCGCTACTT
-0.9516933904180409,CCCTCTCTGTTTTCCCCACAGGGGCATTGCCCAGTTTTGCCATCCGTAGATCGGCCCACAGGTTACGAGAGGAGTATCTGCCGGACATTACTTGCGGGAC
-4.378091266923786,GGTAGAGGACCTTCAAGCAGTTCCTGTGGGGCCGGTTGGCGAGAATATCAAGCTTTATCAGCGGGGCTCGCACAGGACCACAACCCCACGGCACATTGGA
-6.913998654821681,TTCAGTAAGATCTGTCCAAGCCGTGGATGACTCGACGGCGCGCCTTAAGACACTCTGAACGAGTCCCTACCTATCCGACGCTTCCAATGACAGTTAATTG
4.630887737658207,CGAGACTCACATCCTTCCTGAAACGAGGGGATTCCTTTGGTTAGAAGTGAGGCATAGCAAGTTTGTGTTTCCGGACAAGCCCATGTATGCGTGTCCTGGC
9.547083202350652,TCTAAACTGTTAAATACGAGGTAGGGTCCTCCCAACTATACCTGATAACCTAGGTTTCCCAGACACTAAAAAGGAGCTCTCTGAGAGAGACGACGTGGTG
-6.992837869095706,TGATGCTACTTTTAAGTGTTCGTGGAATCGTAATCTTCGGGGATCTCAAGTACGATAGAGGAACAGCGGATTTCGGAAACCTTAAAACTTTCGTATTGTC
2.8148461834528544,ACCCACGGTTTTCAGGGATGCGGGAACGCACTGGAGGAGTACTATCTCGGGCACTGTGCTGTACTCCCCAGAACTGTACCGTAAAGATGGTTGGTAAGGT
-3.2532128456091347,AGAGTACCGTTTGCGGTTGTGAGGGTGTGCATATAAAACGAAAGAAAAGAGGTCAGATATCAATGTTTGGCCAATTGGGGTTATCAACTATCACCATCAG
-2.4356269188234805,GACCGCGTCGTTGTTGGGTCAAGAACAGACTAGTACACAATGGGATCCGACGTATATTGTCAGAATACGTGTGAACCGGTACGTCACCTTGGGTCTAGAC
-2.9619696211943456,AGAAAGTTGGAGGAGGCTACAACGCTACCCACTAATTTCCTAGAAATGTTCCGGGTAATCACTCACCAGCGCTTAGAGTCGACGCAGTGGTGTTTTTTGT
-4.31995384839908,TGATCGCGTTCAACGGGCTGCTTACAGCTGGCCCCTCCCCTCTTCGACGCAGACTAATACTAATTCAGATGAACCAACGAACGTAACACGATGCCGTTAT
0.24260813972413497,GGCTAGGCTGACGGACCGTTACCAGGGGGGAGACCCTTGGCGGATTGAGGGAGTTACCTCTCCCGTGTCGCTTGCGACTGTAGATCAATTAGATGCTTGG
-4.154750582055189,CTTGCACCCAAATCGGCGCCCCCGCTCCTCAGACAGGAGGGTAGAGATGGTCTGCTGTATCTGTGAATCGAGACGCCCAAGAGACACTCTAGGGAATTGC
1.352284128899194,ACTAGGCCAAAGGAACTCGTTCTGCTCTTACCCCTGTCTGTTAGTATTTATTAACCACATTTCGGCGGTGCAACACTCTGGTTAATCGAGACCGGTGTCA
-0.2511905472456848,CAAGGCTCCTCCTTAGACGTCATAGGAACTTCAGTGACCGGCGACCACTCCAACGATTGTTGGAGATGCAACTAGTATTACCGGCGGCGCGGACGACGGG
-1.1947402343320488,AGATGCAAATATGGGCGGCAGAAAATTCGTGATTCCCCGTGTTGTTTATGGAGATAAATTGAGACTCCGGTCTAGATTCTTGATAAACTAGTCAGGAAAG
-4.53781831020799,CCATTAACCGATGAGCAACTGAGGCATTGAGTCACGAAAGATGCCCGCCCACGGTATAAAAAGTAACAATCGATGCGGCAGGATCACTTACGGCTTACAC
-2.8838566528416636,CATCGAATGGAATGGGACGCCGGGGATCGACCGCGCGCCAGTCTACGAGGATACCGACATCCATCCGTACCGGGAATACACGCGTTGAAGTGAATTTAAA
3.77695612912878,TTCGGGAAACAATTATTCCTGGGAGGGCATATAGCAGATGGGACGAACAAGTGGGACCATCACTCCAATTCGGTAATAGTTACCGCATATGTTGGATCTG
2.5045859381219038,TCCTTGCCTGGAGCGCCGGAATGATCAGACATGAGGGAGTATAACCTTTCCATGACGCTATTTTCGCTGAGCACCGTGGATGTGAGTCTACGCCGCCCGT
-4.887776223992756,TGTGCGACACCTGACTGAATATGTTGGGAAAAACTACGTCATGTCTGCACTAGTATCAGCCAACAGAACGACCTGATGCGTACTTGTTCCGTAAGGCATG
0.4966615271461294,AAGCTTGCTAGGAAACGCAAGCAGCCTTCGCCCAAGCGTCAGACTGTTTTTGGAATATGATTCGACTTCCGACAATAACACTCGACCTAGGGAAAACACA
3.756935616858945,CGGAACTTACGACTCGCAAGACCTATGAGCCGTTAGGAGATGGCCGATATGGCTCGGTTCTATGAGTAACCTATGGCAAAGGTGAAAGTTGTTCCGGCTG
-8.347026405606858,CTCATATAGAAGTACAAGTCGACAGTTCGATGAAACCCTCACCTACGATTATCCGCAGGCGACGACACTTGTGTAAGTGTACTCGATCCCGCAAGACTTC
2.716800961899675,CACTGTGATGATTTAAAAGGGCTAACCCAGGGAGACAAGCCCTCGACCTGGAAGTACGGCTAGTGAGGGGAATAATTCTTTAATTTTAAGAAGCTCGACT
-3.3131187947292333,TAACCGCCGTCTACGCACCGAACGCGCGCCGGGTTGAAGTCCATCGAAACATCACCATTACGCACCGTAGCACGCGTGGACGGCCATTCTCGGTCTAAGC
2.8529933429657968,CTCCCAGTGAGCAGGGTGGTTTAAGCGTGAATCGCCTTCTCTATCTTTCGCATTAACACCTCCAATTTTATAGATACAGCGAATGAAAGAATTTGCGGAG
-3.8162957827125843,CCAGAATCGTCGGATGTGTTAGATGGAAGATCTTGACTGGACCGGGTACCACTGTGCCAACAAGCTCGCGTCAGTATCGTCACCCTATTTCGACACAGCA
-9.024410503322596,GACAGATAGGGGTGAGACAGAGACCCCCGAAATAACTAAGGACGGGGCAGAACTCCAGTAGCTACAGTCTCCATGCTATGCCCCGCCCAATGTATGCGGC
-8.137712189415813,TTAGCCCTAGGACTCGTCCTGCCGCTCATAACGAAGCGCCATGGTCCACCAGCTGAGCCTAGCTATACAACGCATGTTTTAACTTTGCCGAGCGTTCGGA
0.24042473330690997,CCCGAGGCAATCTCCGCACGACACCATACAGACGCACGGCCGCGGGCTAAGCTAGCACGCTCAAATTTTAAAATAGTTAGGCGCCTTAGAATACATTAAG
1.2986125086074094,ATTTCAAGCCAGCAGCACGCGACGAATCAATCCTTTGGTAACCCTCTCATGTGCCGTTTCCGGCTACTCGCCCAAACTACCGCGAGAGGACAAGGAGACT
-4.521583125522043,TTGTCCCCTCGCTCCGTCTACGTCGAACATGGATAGTGCCAATCTAAGACCCACCCATAACAGCGGATCCCTTAGCGACCTGATAGAACATCTTCGGACT
3.1929622938868696,GTGACTATCGCGTGGGTGCATTGAGTGTAGAGACGCTCGATCACTATCGTACTCGTAAGCCGCATTCGGTTAGTTATTCAGTTAATCTGTACGTGGCAAG
-8.3076003113448,ACATGAAGCTAGGCGTACGTTCTAAATTGAGCCATTCGTTAGAGTAACCAGATATTCCAGTTCACTGTCTAGGTCGTCGGCCCTTGGTAGCGTGGAATTG
-0.33039899323658284,TTTTGAACCGGGAGTTCGCCGTCACTATCCTCTTCGGGCACGAGTAAGCCCACTTCCATGGGACAAGGTTTGACCAACTTATTGAGACCAACGTCTAGCC
-6.055080998812283,TGGCTCCGCTAGCCAAAACACTTCCATCTTTAAACAGAGCTGATCTTGTGTGTTTCCAAAATGTTACTGCCATTTGGGGGACGTCAGTTAGGCCTCTTGA
-3.2591805390107957,AGGGACGGAACGAACTTGACGTTGGATCAAGAGTGACGATAACCATGGTACGGTAGTTGTAAAGTTCTACTAGGGCTGACCTGTGTGCCGCGGCCACGAT
0.23699335658207007,ATAACTTAATGTGAAGTCCTTCTAAGGCAATCTTCCAAGTTCGGAGAACGACAACGAGCATGCGAGTCGGTTGATCTGTTTCTCGTTAACATTGAACATG
-4.302066826419762,CAGATGATGGGGTTGATTATCTCCCTTATGCCGACGTCTACTTCGTCGCTGGTGGGCCCCCGGCTCCGGTTAATTACTCTATTGGGTCCCAGGAAGCGCC
-1.9227777211491268,GCGGTTGTAAGCCTCTGTACCCCGCGCGAGGGAGACTATTGACAACCGGCATTCCCTCAAGCTCAAGCGCGGTCAATCTAGAATCACGACAGCCTACTCT
5.031464046072203,GCTAGAGAACCCCTGCCCCTGTCGGTTAAGCGAGACCAAGCGTCTCGGTTGACCCATGTCTAGTTCCCAACTGGTCCTGGCGCAATCCTACTTGGAATCA
-2.884459347615744,TAGTGTTACCCGCCATGACACAACTATCCTAAAGTGTTTCTTTGTAGGCCAAGTCGAATTTTTCGAGGTTTACAGAATGTAGTATCGACCTACTTTTCCT
4.178460560325709,GCGCCTCTAACTCATGTTTGACAACTTTTTGTCATCGACTTTGTGCGAGCATGCCCGGGGACATGTGCTCGTGTATGCTTCGCTGCGGCGGTGGTCACAA
-5.6485342732880905,CCGGGGTCCCTTTATATCCGTCCGCATGAATTCGCATCCTACCCGTGGGCTACAGAAGTCTGAGCTAATACTGGATCTGCTGAGTCCGTCAAGAGGCATT
2.649020889576414,AATCAAACGCTGTCTCGTTTTACGTATGGCCCGTATTTCTCTGAAGCCGAGCCGATACCGTATTGCCCCGCGTGGTTGTCATTAATTTTTATCTCGCAGC
7.207843103289502,CCAATCAAGCGCCTGGGAGCAATTGCGGGGTAAACGGCAAATCCGGCAGTTGCAAAACTTTACCGAGGGAAAATTCCCTTCTGATTCAGTAAATCGGACC
-12.358222500636447,ACAGGGCTGCAGACAGGGAAAACGCGCTGGCACTAGGTCTTTAGTCGGTTAGGGAGTCGATAGCGACCCAGACAAGTACCTGTAGCTTGGTGCGTACACT
-3.984476277352384,CTCGACGCAGGCTGAATATACCTACGAAGTATTACGGGTCTCCAATAAGTGTCTACGTAAAGAACATTAAAGACCTTGGCTCCCCGACCTTTTTCTCGGG
2.8853606359027,ATTTGGGGAATACAGCTCGTGTTCTGTCGGGGGCGCCTAAACGAGGCTCTGCCAGTGTTCGCAGACCGTAATCATGAGATCCTACCCGGAAGGCCTACGT
-1.0152269302149635,ATACCCCTACACCTCCACCGAAGTGCAAAAATGAGGTGCGTAAAGGGATAGGCGTTACTTTGAGTCCCGCATCCCGTCCCAGAAGGTGCCGGTAGCACGA
1.8557293668565442,GAAGCCAAATTTGGTATAGGCAAACCGTTTCAAAGGCACGGTGCAACATTATATCCACGCGAACAAAAAGACTGATTTATCAGAAATTGATGAAGGTTCT
-3.0199259335791027,GGTTCGCGCCGCACTCGCAATAGTACTCCTTGCACTCGCATTACGCACTAGGGAACCCTTTTTCGGCATAACCTCACAAATAACGTAAACGCAAATGCTT
0.4329489373644996,GGTTTATGTACGCCGCGACGCTTCCTGCTTCGTGTCTAGGGATTATGTTAAGGGCCGCTTGATAACGTCTATTACATCCAATGCAACGGAGCGTTGAGTC
-0.7783861769603974,ATTCGTAGAACCGTTCTTCATGTCCGGCTCCACCCGGATCATCTGCGTCATATTTACTAAGAAGCGATCCGACGGCTGGGGGAGTGTTCGACGACATCTC
5.838910308299036,TAGTTTATCCTACACACGGAGACCATTGTCTTCGCCGGCACTTAGTCTTACTGTTGCATGTCACAATTTCAAAGAGTAGATAATATTGAGACATCGATAA
1.2721042165060656,CTTTTTTTGATGTCGAACCTCACGACTAAAAAGTGGTGGCTGGAGACATGTGATTCACGCTTCAAGTCGAAGGTGGCTGTACTCAGTCTAGCTAGCACCT
1.6880133103760109,GCCGAATAAAACGGCTTGGCTTAACCATGTTCAGAGACACCAAAGGACCGCTATGGATTCATTTTCTTACAAGCCCCCCCGGGAGAAAACAGCAGGCTGA
-2.059384830612337,TGATAGCGGCGTGTGACACTTCGGTTCGCGACCCGCCCAAACCATATTGGGCAACCGGGGAAAGTATTGTCAGTGCGCCCCCTAACTGCGTGGCCCTATC
-2.4380311203624676,AGGAGACGGAACTAGCCTACAATCTTGGTGACCGGAATCATCGTGCACTTAAGAGCCTTGGTATTAGACAAACTGGACGTATCTTCATAAGTTCAAGCCC
-2.1627909390981044,CAGTTTTAAAACGTCTTTTGCGGTACATGTCACCGAGCCATAGCAGAGAGTTGATGTACGGAATATGCGCGGTCAACGGGGAACCATGTATCATCATGGG
1.9722607118914843,AACTGACGGCATCACAGTTTTTTTGTTTCATACAATTTGCTGAAGCATTCGATTCTGCAGCACGGCCACGTATGGCTGGTCCATCTGATTAACGTCACCG
-2.104922404101315,TATATCTCGGCCGTTCATTAATTCTTACTAAGGAACTCGACGTTAATAGAGATCCAGCCACACACCGCGGCAGATATGCGTGGACCAATGTGACGCACAG
1.4488742844820646,GCCCGCCTACCTTCGCCGAAACTGCTATTATACTGTTTGCATTGATACTATTTACCTGGGCCTGATCGAGGGCCAAGGGCTCCCATTTGCGTCTTTAGGC
10.377003993227195,TCTCTTGCCTGAGGGGTAACAGACAATCACTGGCTCCTGGTGTCTGCGTCTGAGCGCCACTCCTTTAAATCAGGTTCTCGCAACTATATGTTGAAATGGA
4.355623517158461,TCCGGGTCAGCAGGCGTCTTTAATGTCGCATTGGTCTAAAGACCTGCGTATGAGACCATGGCACACTGTCCCCGCGAATAATGGCTTGAGGAGTCAACGA
-1.6301176608392056,CCCATAAACGTCCCGTGCGATAGCAGTCTGTATCGTTTTCGAACACGACCGCACAATCGCTTTAGGGGCGCAATGTCCGACAACAGGCAAAGCTTCAAGC
6.006069610819724,GGCGAAGTCCGAAGGTCTGTCCCGAAAGCGTGAACACTGTAAATTTATGAGGACCATATCGTACAACCTGTGTATTACCGAATTGGGCCCCATCGAAGGT
-2.040376865107757,ACTCAATAAAAAGCACCAGGCACCCCCAAACGATAATGGCGCACCAAATTCGAGTGTTATTACGTTCCGACTTAAGGTGGCAGTCGATAGGCCCAGACTC
-10.19062267588927,CGTTAGGCGTGTAGGCTTTTAGCATTAATGCGACCCACGCTCTGCAGACCGGATAGTGCTGTCCAAGTCCATTGCCATTTCTGAGCCCTAGCTAGGAGCT
-5.040431554587021,GCCTCCAACCGTTAATATTTGACCTCCTCCCGGTTATGTTTGCCATCCTCTGGCTTGGGAAGTACCAAGGAGGGGCAATTGTCGGGTAGTGCACGCCCGC
-9.353959605129278,GGCACGACAGCAACGGGCAAAGTCCCATCGCCAACCTGACAGCGACTATGTGATCGGGTACATGCCTGTTTGCCTATTACTACAGTAGCATGTGCCCGCC
-1.7575674202065432,GAAAGATGATGATTTAAATGGTCTTTTATGTAAGGTCTATCCGGCAAAAGTTGCGCATGGTTGTTGGTTGGTTTCCATAAGAGCAAATGCAAGTCATTAG
0.09209189594775849,ACCGGTTGAAGCAAGATGTATTTCGACGCAGCCTGGATCACTGATAGTCGTTACTAGCACTACTTGACCGATGGTTGCGACTAACTTGAGCTATTCATAT
8.382186561376413,TGGATCGAGTAGTAAATCGGCCTATCGAGTTCTATAGTCCGTTTTAAACCAGGGGACAGTCCCAATTCGCAGTCTACCCGGCCCTAGAGGTCGACTTAGT
1.6346368688208133,CGGTACATATCGACTACGGAAACAACGTGCTCTGTTTTGAGCCCCAACATTTGCGGAGACGTTACGTCCGCTTTGATGATAATTAAATCGGGACCCAACA
-1.0955026440443212,ATCTTCTGCTTTAGTTACACTCGAGTGCCTGCGATTGGTGCGCGAACGGACTTGCATCACGGACGGCCGGTTTGTCCTAGTTGCGAAACAAACGTCTGAA
4.1470279059174455,CGGTGGAACAAGGAGGCTAATGACACAATCAGTTCTTTTTCTGCTCCAATCCTTGCTGTCCCTGATCTACTCTACCACCACCCTCGGTTCCAGCTAGGGC
-11.055676545039425,AGTACCCTAGAGTGGTGAAGTCGGGATTGGTTTTTGGTTCGATAAGCTGTGCACCTGGCTCGAGGAGCTCTTCGTGGTTTGGTTAACCCTATAGGGTAAC
1.1780727905428297,GCTATCTGATGAACCGGAAATTCAATGACAGATCCGATAAGCAGACCATTTGACTCATACTCGAGGAGGATATCTGTATTGAGACCAGGCACTAGGGGCG
3.854325969434834,GCTCCTAAGCTATAACGAAAATGTAGCTCGAAGAGGAGATATTGGAATCTCCATTCGGGCACTGGTGTCAAGCTCATCAGCGTATCGCCCTCCTAAGCAG
-7.392931228899208,GCCAGATGACTGGTATTAAAACAAGTAGGCATTGTAGTACATCTCCGACGACTTATCGTGATTTAGTCAAGCCCGCGCAAGAGAAGGATTCGGAAGCCTC
5.718770216034645,AACCGTAAATCGGTTTGAGCACTACTGGTTTCTTTTTCCCGAGACCCCCATAACTTGCTCGATAAGACAACAGGTATGTGGATATCATGCAGTACTGCCT
1.6924820374720706,CACCAGGTCACGGGAACACCTCTGCTCCAGATTCTAGATAAAAGAAATCGGTAATACCAACCCTTAATTATGCTAATGTTAGAACCCCAAGTGAGCCCCA
-2.0764395695040063,ATCATACTAATCTGTTAACATAAGTAGCCTCTGGTTTACTGGGCCCAACTGGCACAGACGCGTCATTACCGGGTAGTTAAAAGGCAGGATACCCGGCCTG
3.1639093305314243,CAAGTTTATAATCACCTGCATAGTCACGCCTTATGAGGGTGGGTCCTGCCGGCGGCTAGGTGCAGTCTCCTAGTAGGGAGTTTAAGCCACCTGGCAGTTA
11.353464289021979,GGGGGCATACCTTCCCCGTAGGTTCCCCCCGTAGCTTAACCGAACAGACACTAACGGCGTGCCCGGTTTGTACGCGGGGTCAAATCAGCTGTTTAATCGT
0.9093312752924758,ACCAGGCGTATCAAGGAAGTGCTCCTTACGACACGGCTGTTCAGATCGGATGCGTGCAACGGTTAGTGTTCAATATGCAGAAAAGGGTTCCGATGTCGGA
1.2411029315016804,ATCCATCGACGCCGGAAGACCCCGAATGGCACACCTCACGACTAGACCTTGGACTCGATAAGAGAGATTTAAGGCAATGCTTGATGACACCATGACTGTG
-2.2968044977012205,TGCGCTGTACCCTCGCTCCCGTGTGAGGTTCGCTATGTTCTGGGACACTCCGCCACCGAAAATGAGCCGGGCTAATAGTGTTCCCATACCAGTCAGTGCT
-4.249221847323959,CGCATACACAAGGGGCGTCTTTAGTCCCGACGTGAACATCCCGCGACTAAACGATGCGACTGTATTGTCTCAGCCCGCACACGATCGTCGTTGGTCTTGC
4.151679082721228,TGTGATTTACTAGTCCCAATCACGCCATCGCAAAGACAGGTTAGGGCGTGGCAAGGCAGCTAGCTGCTCGTTTCTCCTCTATGGTCCTAATACCTAACTC
-4.280419129544336,TTGGGGTGAAGGGACGTAAATACCTTACTCTTTTCGCCATAGCTTATTACCGCAAGCAAATAGGCGCAAATGCCTAATAGTTCACTCATATCGGAGGCAT
0.35783118609696235,CAGGATTTACACCGGGCCAGGGGTCCCTAAATTAATCAGAAAGCTACGGATTGAAGGACGAATCGCCGGCTTTCTCGCCGAGTATCTCGATGGAAAGCCG
-2.3882872338255834,TGATTCGCATCAAATATTCCAGCATACCAAGAAACCTGAACCGTGGACAGAGAGGGAAAGAGGAGGCTCACCGGTCGGGTATCCCTCACGGTGCTGCTAT
2.3948991287319594,TATTTCGCGCGTTGCGGTCGCCTACACTGATTGCCCAGCTGTGTGCTCCGTTTATCCGATATTGACTCGTAGTTTGCAGCGTAAATAAGCTCGACGCACG
1.6683105264347415,CTGTAAGGCTGGTCGTTGTGAGCGGGCGTCACATGCATTCTACGGATCACCACCTCAACGCTTCGACTGAACCATGTCTCAATCGGCTGGTCTTAGATCA
5.187699721289496,AATAGAGCTTGAGCTGCCCCCGGGGATAAGTTGGGGGCTTCCTTTGCATGTCAGCGTAATAAATCCCTGGTGAGTGCGCATAAGCCTAGTCCGGAAACCC
-2.550081994273735,GTGGTGAGGCCGGCGACGAGACCTGACTGGGAAGGGACAAACACTGAGCACTCTCCTCGCAGGATTGCCTCCCCCGTTAACGACATCCCCTGGAACTCGG
-1.3493746764668564,GCCCCTCTAGTGTCAATACCGGATAATGAGCACGAGCAGAGTCGACTTTGACCAGGGCTGGAATAGTCAAATCCTACCAAAAGCGGAAAAGGCAGGAGTC
-4.893818578911537,GACTTAATCGTAGACGAAATTGCCCCGATGATAGGGACTGGATAACGCATCAATTAGACCCGCGAATTCGAAGGGACAGGATTGGACTTGTGCTCACTCC
-2.221466300380558,TTAATGACAGTGTAGAGCGCCCGCCGCAGGTAATACCGTGACGATGGGAATGGATACCTGTCGCAATGTATCAGCAGTTGAACACATAGTTGCTAGTTGT
1.886502465224261,GTTAGTACTGGGCGGGCCATTTGAGAATGCCGCCAGAGTGTCACCCCTACGTGACCCGGGATGCGCAGTCCTAACGCTAAACTCCTCTAAGCCAGCATTT
3.7849430832267594,CTCTTTACCCCTCAGGCTACCTATCCCTGCCTAATTTTATCTTACACGCATTCGTTAGCGTTTTAGTCACCCTCAAGTACCCAGCGCGCGGGTGTTCTAG
-4.610826620888127,CCCTCACCAATGTATCCATTGTTTCACCATAGCCGTGTCTTTCCTATCAAGGAACGTCGAGGATGCTTGAGCTGGAGAGACAAATTTTCGCACAGGTTTA
4.348029600528301,CGGTGACAGCTTTGGATCCATTGCACTTGACACCCTGAGACTTCGGTGCCCACATCGGAGAGCCGTCCCGTGCAAAGTTCGCTGCTGTTAAGAATGAATA
6.778189294024754,CCGTGAGGTGGAAGCAACTGATACTATTCACTTAAGTTAGCCGTATTCTCCGATGAACGTGTTACCGATGTAGACCGTAAGACGCGAAACTTTACGTCAA
2.0671745161185044,GTATGGGGTTCTCAATGGGAATATGGACGCTCCTGGGAATTAGTTCCTGTGCTTTCCCTGTGCGAATCACGTCGTGGAACTAGCTCCCAGGCCTCTAACT
9.38397906279033,TGACCTGCCGCGGACGAGACATCACTGTCCTGCAGCTTAAGCGTATTAGGAGTCTGCGCACCTGAATGTTCGATTCTATACACCGGTGTATTTCTCAAAG
-3.868945995517865,GTGACTGGCCGAGAGGGTTACCGGGCTAGAAAGATCATCAACTTGGATTTGCCTATAGCTCTATCGGTGCGTCAGAAAGCCGAAGCGCAGCGGTGTTCCG
-6.223273516557085,TCTCTCGCATCGTTCTGACCAGATACCGAACCGCGGTTGACATCAGACATGTCGGCACAACTGGAAAATCTCAGAATTATAGACATTTTGGCAACTAACC
-8.893601244521394,CCCTCAGGGCCTTAAAGAGCGCGTAAGCGGTTCCTGAGTAAGAGATACCCCAAACGAGTTTTTGCATAGTCACTAAACGATCACTCACTAAAGGCCGCCA
7.480221557445915,TAAACCAAAGCTAGGCCAGAGGGAGATGGACGTCCGATGAGGGAATAAGGAAGTTCCTTTCACGTTACCTCATCAGGCTAGCTGGTCGGCACCCTTTTTT
3.2718282817702886,TATCGTTTTCGACTGCTCCTACAAATCTCGAGCGGACGTCGAACTGCGACCTATAGGGAGAGCGCTCCTAGGTACTCACCAGACGTACGAACTCTGGTGT
-0.27792335455227535,ACGTCTCATGGGAGTCTAGTACGGAGCCTTCGCGCGGATGTTGCATGACCACAAATATTACACGTACAGGCGACGATGGACGATGAGTCACTGGATAATA
1.3998431315991013,ATACAAAAGCCAAAGCGACGAAGGCCTCCAATGTCATAGGAGTTACGAGCCCAGACGTCAAGCCAGTCAATGTGTCTCAATAATGCATCAGGCTGTGCTC
-5.627445236491883,CGTCGGAAAAGGTACCCCGTTCTCCCCGGTGATTACTTTCTACACGAAACATCGATAGTCTAGCGGCCTACTTTTGTGTCAGTGATTACACGGACATGGT
12.228759898084132,ACCGCGTTGATGCGACAAAACCGTTCGGCGGCACAACCATTCAGCCGACTGGACCTGCCCGGCGCTTGAGTAACCTGCTCATGCACTACCAGTCGTTTTC
0.6461059098761375,AAATCCTTTCCTATTGCATGCAGCAAGCATACATCCGGGTGACTGCAAACTTCGCGGGACAGAACGATACTTCAGGTGTTGGGGCATTAAGACTATGGGC
0.5469739730244645,TGCCTAGACTAACGGCGCATATTGATAAGATGAACAGTCAAACCGGTATCTCCACTGTAAGGTTACCCACCTATGTTTCTCTTTGCGGATGTTTTACGTG
3.6288331194934598,CTCATCCCAGCCGGACGAGGACGGTGAACACACAGATGCTGGTATTTATTCGTCTCTTATTTCAGTAACGCTTGGGACTAAAGCCCGTCCAAACTAACAA
2.4050461586835663,GGGTTTAGGAATCGAGTACCTATTCCAGAATTGTCGGTAACTTAGAGAATTTTTGCCGCTCCACATAGATAACCACGACGGAGCAAAAGGAGTCCATAAA
1.119420121395657,CGACGTCGATCGTACAACTTGAATAGACGAAGTAGCCGTTCCAGCCGGGAGGCTCGTCATACTAGGACATTGCCGGTTTACTCGTGACCTAAGAACTATT
-3.9523722772265595,CTGCAGACACACTAACTCGGTTTTACAGAGCCATAGCTATGACGATAAAGAGGAACACCCGCACGGCGGTACAGTTCTAGGCTTCGGCGCAAGGGACTCA
2.3573417856799788,CTAGGCGAGAGAACATTAAGCCCAAGTCCCTCTCCCCCGAGCCGGTAGATAAAAGCGCGCAGTTACATGGGACGACGACCATTCACCACGGAGACCAATA
9.410122482375169,CCCGCTTACGGGGCCTCGACACTAGCGTAATCAACTGGTTTAAACCTGTTCTATCCGTGCCACTTGCCGAATTACTTTAAACAAGGAATTGAGCACCCTT
6.727100230774888,ACAACCATAAGCACTCCCTACAGTATTAGAGCCCGGAAGTTGCACGGTGTGACTCGTATCGCCTGTTCGCTGGAGACTTGCCGTTTTTCGCAATTACCCG
7.965933133196986,GAATCATGACAGGCCCACTGCCAGAAAACTCGGAATAAGAGTTCTAAATAGTGATCTGTGCCGCGTTACTCCCTTCATTATCCTAAGTCAGATTAACAAT
-2.556078382155926,TGACAATATTACGAAATCAACGTTGTTTATCGGTCCTGAGAGAGGGAGATCTTCGTTGCGCATAAAGGTCCGACCAATCGTAACTTTGTGTCCCGTACGT
-4.948024101292904,TGATCTAGCCAAGGCATAAGGAACGGATCTGCACAGACGGGCCTCTGGTATTATATGACACCGGACCCTCCCGTTTTATGGCGGTTCGCCGGCTCGTTAA
-0.6289346004982408,AACGCGACCGGAGCACCTTAGGATCACGGTACACTAAACTCGTGCTGGGGGGACGATACGCTCAGTGCCGGGGCTATGACGTTTAAACAGTCTCGGAGCA
0.27862456144347303,AAGACGACAAGCTTGGTAGCGATCGGTCACCAAGTTTCTAGGTCGGGTCGGATGACGGGACCGTACTCGTGTTAGTGAAGACTTCTTGCCGCTAATGGCA
5.470957592354742,TTGCCCGATCACCACTGACGACAGGACGCCGCAGAATGTCACAAGGCGGGGCAGTTTTCGTCCGAATTTCCTCCGTGCGCCTCACGTTCTTCTTTAAAAT
-8.462323148574097,TGGTCTTAGCATAATAGTTTAGGTGCTCTGACTTCCACCAACACGCGACGTGAGTAACGGAGGGAGATTGGCGCATTAAGCCTGATACGGCGGCTACTCT
7.647751597303069,AACACGTGAGGAGACTGTCTGCTGCACGGAACTGAGTTCCTAACAGCATACCGGATTCCTCTTTTCCCCATGTCTGACGTGATATCTGTGACACAAACTA
-0.7900394928949471,AATGCGGCCTGCCCATCTCCGTATCTCTAATATTGTGGATCCCCAAGACAGTGACCTATATGACATTATCATTCAAAGGTAATGCCTAGTGCGACCTCCA
-2.1344053497371003,TGACGATGGTTCATAGGTCGAAGTTGTGCGCTGTCACCCAGCTATAAGTGTTCTGCTCTTTGGGATTCAGTTCGGCATACTTGAGCAGATTGGGCGCGAA
-5.060521876300838,ATTGGACGAAGCCCTACGCCGCGGCAACTCATTGTCAGTTAGGTTACGCTCTTTTTACATCGTCGATATGACGCAGGAGCCTCGTAATGGCCCATGAGCT
-8.274283359328846,GCTTGGCCGCAGGCTCAAGTATTTATTACAAACAGCGTGGAAAAAAAGACGTCAACACTGCAGTTCCCCAAGCACGGATATACTCGTCTCGAACAGTTTC
4.115852919809573,ACGGTGTTTCCGCCGTCCTCGAAATGCTGATTGCCGGCCTCCCTCTCTAGTCCCGACGGTGGTGAGGCGATTACATGCGAAATGGTAGTGTATCTCAGTT
0.36658983594201944,TCGGCTCGGCGGAGCATGCTAAACCCAGGAACATAACATCTGTGCTACAGCGCAGCGTATCTACTCTCCACAAAGTTGTGGCGTGTGTTTTGTGCGATAC
-6.449804498705269,GCACAATTTATCTCAACTAGGTTACGTTCCAGAGGCACATATACAGCCCAACCGGCGCTGTTCGTAAACGCGCAGAAGTTCTACTGTATACAAAACCTAA
-6.47539386031808,CTCAAGATTATAAAGCATAAGTGGTCCGCTGCCGCTCCGCCCAGGATGATATACGCCCTCATGAACAACTCATTTGGCCAGATGCGACATGTTAGCATTC
-1.6789234964506412,ATTGAATGTTGTGACGGCATTCTGTCGAGCACCACCCACAACCACCCCTTACTCAACGGCAATCAGAATCCGGGTCTGACCCCACTTCACGCTACCCCTC
8.345107626446964,GTGTTCGCATGTTATGTGGATTTAACAGTACCTAAAACTTCGAAATTGCTCGGGTTCATTGTCGCCCTCCCGATCGGGTTTAACTAAGTCGCCAAAATAT
-1.297956756818024,AGTTCTGGAGTCAGGCCGGAAGTGCACCTATGGAACTATCCAGGTAGCAACTCCACAGCGATAGGGTGTCAGAGGGAAGGCTCACAGGTCGGAGGGTCAG
-7.5157147655905305,CTGTAATCGTACTCACTGATCTATCTGGGAGTAAGTGGCTCACGCATAAAACTTAGGAGTAATTCAATCGCCGCCAGCAAGCATCATCTTGTGAGTCGGG
-1.2287153204297216,CAACGCCAGGGGTCAACCGTCCCCATTTTCAGGAATTAAGGATTATCGCTTTTATATAATGAACTACCCGTTTGAGTAATTTCTTATGAGTCCCAACCGC
-1.3636178487383523,TAGCATAGAAAGGCGATCTAGGCCGAAAAGCTCCACCAAAGGAGACGCTTTGTGAGATAGACGTTGGTCTTATTGTAATTTAGGTGGAGGGAAAGTATAA
-13.484433214707858,CTACGAGCCAAGTTTAGCCGCGTTCGACGCCAGCTCTTCTAACGTTATCCCCTTGCTATGTAGCGACGTTCCACCGGTGGCAGTTGCCAATTGACTGTAA
-0.27147433258906106,AAGATATCTACGCAACTCCGCTTAAAGCTTTCTGCCTGAACACTTTCAGACTGGGAGCTCGATGAAGTCAGGAGATTCGCGGGAAGCGCAGCTGAGAAGC
-1.1546726510433898,CGGCTGCAAAGAAAACATACTATCGCGGCGGACAGTGAGACGGCGGGGGTGACTTTTTCCTATTTTGACGGCCGCAATGTAGTCGAATTAAACTATACGG
3.4810318240670917,TCTCGAAAAGCCACCTGAGAAAAGGGCATCCACACTCATCGGCGTCGGGGGCTGTTTCGCGCAGAAGGCATTCGATGTCCCCGGAGGACCGCTTCTTCAA
9.244780474726726,TCCCACAGACCTATACAGTATGATAAGACCTGTTTATGTGACATCAATTTATCAGCAGTTAATCGACTCTGCTCAATATGAGCGCGGCTAGAGTTAAGGC
5.632825147738787,ATGCATAGCTGTAGAGTAGATATTGATATTCAGCCCCGTATGGGTAAAGCGCGTATTCTCTAGGCATACATACGTACAGTACTCTAACACCCCTCATCGT
-1.344443452774153,TTAAGGCCTACAACGTAGACGTTATACACAACAGCAAGGAGGGCGCGAGATCACTCCTGGTGTAAGAGTCGATTCCTCGGAGGAGTGCAACCGTCGAACA
-5.532629543708351,TTGGCGTAACCAACCGTATGTGAGAGGCGCGGCTTAGGAGAAAATTACCTTAAGGTTTTCACTAATATTAGCTCCACACCGAGTGTCGCTTGCATGTATG
12.866799016249303,GGCATTCCTCTTATCCCTCCGAGGTCGCTCTGATTGGTATTACTATTAACGCAATTTTTTGGTCGTCCTATGTGTCTACCCCTCTGCTTTCTCGACGGGA
0.29609217007244126,TTTCCGAGAAAGAGTTGCGGCAGTTGACAGACAGAGGGCACACACATTCGAACGTCTATGGGTACAGAACATGTGTTCGTCTAGTAATGTTCATTGAGTT
0.06964645956473102,TACTCGGACAGGTCAAGTCTCTCATTGACCCGCTAACAATAAAAACGACCACTCGTCCCACAGCCTTTATGAGAGGTGCTGATATGACGAGGAGGGTGGG
-0.12062543555001638,CTAGGGTGACTGGTTATCCGTTCTTCCAACGGCAGTTGACAGTCTTGAGTTACACCATCTGAACCAGGGCCACGCGTTATGAAAATCTTTCACCTAAACA
0.9904238038392748,TATCTGGGCCGGACCAGGATGAACCAAGCGCCCGCTATAGGAACAAATGCGCACCCATTACTAGAAGTGGCCTACCACGGTTCCTGAAGACGCGCATTTA
-0.7218020596197123,AAGAGTACAAGTCAAGGGGATTCACGCTCCGACATGTCTTAGTTATATATGGTTCCGGTGTATCTCACACGCACGACCGGCGAGAGATGCATCTTTCGCC
-2.8683100344011816,GCTGCCTAATTGAGACAGGAGCGATTTTTCCTACGCCACGATACCATGGGTCTTCAGTCTCATCAGGGTGGGCTGCACGTGACAGAATCCACTAGCGGGA
-2.7342947062019607,ATGATATTTAGTGGGCAAAAACGGGGGAGTCGTCACCCCGCTCTAGCTGTGCGCTAGTGGACTATAGCCCACAAGATTACATCAATTTTGTTCCCACTCA
-0.16376635107999193,GCCTTACGATCGCCGACCTCCGATGCTGTGTACACTGATCACGATTTGCTCGCCGAGTGTTGTCAAGTTGCAGCTGCGCTCCATGTGGCTATGAAACCGC
-2.7171238556688246,TAACTTGGGTCGCTGCGAAGCTTCTCATCTCCAGCATGTGACAGTCCAGATACTGGGTATCCGATTTACCCGTAGGCTACGGATTCTAGAAGGGACCAAG
-3.564228913385822,CTACTTCTCCGCCCTGCTAGATACCTCCATGGTTGTTTGAATCGGCCGATTAGGGGCTGAGGAGTTGGAACACACAACCATATGTCGCATCAGCTGGTGG
0.5321511384594841,AGCCGAGATGCTTTGCAATAGCCCATCCCGTTAGTACTACAATAAGCCTAGACCTATGCAAACGGAGTAGGTGATGTAGGCAAAATCAGGGGTACACGCT
-1.2748860871042764,AGGCAGATACGAGGCTATTGGAATGCTAGCTATTGGAAAGTCTGTATATATGGGTGGCAGCTCCTTGGAGACACCACGTGCCTAGCAACCGCCCGAACGT
7.519964942913443,GTGGCATAGGTCACTATTTGGCAGTGCCTCTCCCCCTGGCTCCGTAATGGGCGGCTCGGACTCGTGTTCTCAACACGGAGACCAAGATCACACTGAGTAG
-13.254849041965059,TTATACCCAGGATCAAGGTTACACACCCAATCTAACGGGGCAACTGATTATTGTCGGTGGATGCGCTTTCGCTCACAGTGTGTAACGGTCAGCTACAACC
5.457534259612309,TAAACTCTCGTTAGGATCTAGGTGGAATCACACGCAGGGTTGATACTTCTATCATGCGACGATATGCTCGATACGCGCCTAGCTACAGCAGGTGACGCAA
6.2304259624881455,GGATTATTAATGAAGCTAAAGCCTGAGCGCATAGTATGCAAGGAGAATCAGGAGAGAATTGCCGTGTCCAGGAAGCGAGGTTGTCAGAAGTTTCGGCAAC
-10.366951162040747,CAAGTTTACCACCTCGCGCTCGTCTCTCATGCCATACTGACAGAATAGTACAAAGGCGCTTCGCGTGGGGACACAAGCTAAATAACCAAAAGATAAAAAT
-1.7134379704017437,GGAATAAGTTAGTTACCTGTACAATTCTAGCTCCGTTATTCTGAGTCATCGTCACAAGTGAGACGTGGCCGTCGGCCTGGAGTACATATGCTACTCTCCA
-1.8572043299789573,CCGAGGGGCGTCGTTACTGATATTGCCAGTATTAGGACAGCCATGTCGTCGTCTAAAAGTTGAGTAGGTAGCAGCCATTACCATCTGGGACGCAGGGTCT
-7.037558473589106,AATGCGCACACAGTACTAATTCACGTTTGGGGAGCGTGTACAGCGTGAGATAGCTTGCTACGATTGGTAGAGGAGACATCCTGACAACTGGGACTGTATA
-3.8890834379543766,CTCGGAAACTACTGCGCTATCTTCCGACAGAACCCTTTGGTCTATGTCACAAAATGGGCCGCAATTCTGACCTCGGCACGGAAAACCGTTGTACCGATTG
-5.552879227329144,TCTGGTTGAGCATTCGGCGGCGCTACCAGACAAAAGGTAGTTCGCCGGCTGGAAGATGTCTAGTATTAAACTTGACTGTATGACTCGGATTCACCCTGGC
8.761352217118114,TAAAGACCTGGACAGCAAACGCTTTTGGGAGGTCCAAAGAGAGGAGGCGCCCTGGCATCCGGTAGACGACACGGATTTTAGTAGAAGCCTAGTCCTTGCG
4.678391965737306,CTAAGCGGACTTATGGTTGCCCTCGTAGGCAAAGTAAGATATCATGTAGTCTATACCCTGACCTAGCATGGAGGGCGTTGCGCTTGTCAGGGACCCGGGG
6.3577754749707935,GTGTCCTGCTAGGAATGACAGCGACTGGTAAGAGAACTCACTCCGACCACGGGCCCACGTGTGTAGACCGACCCCTCCCCTCTAAATTGCGAAACACACC
3.6083603202161756,TGCAGTTGAAACTGACTTGGTTCCAACCTCCTACGAGCACTCCGGTAGCGGAAGTCAACCGCTTGACGACCACCAATAGATCGGACTGACATCACCTAGC
-5.645258856086146,GAGACCACGGTTGGTATGCAACCCAAAGTGACAGGCACGGTAGTAATCGGGATACCGGAAGCCAGTTTGTAGCGTTCCAAACGACGCAATGCAACGTAAT
-2.6226013313988683,TTCCCCCATCAAATATCGTCAAGGGCGACCTGCAATTATACACTCGTTCCTGGTTGTTCGCGTGGTTACAGCCCTGCGATGAAATTTCTACAGCGGTCCA
2.44687280613959,TTTCGATTAGTCCGGCACGTTAACCCGCAATCAAGCACTAGGTGACAGTAAGATAACCAATACGACGAACCTCTAACTAAAATAAACATGCAACATCTAC
-6.110639044459727,GGACACACCACACCGATAGGATGCTTTTGTTAATGGCTACTTCCCCTCGACAAGCGAAAGTTTTAATCAGTGGAATGATCTTTCAAAGATAGTGACAAGC
3.5649921508619404,GAAGCCACCAGCAGCTACGCGCAATAAGAGTATCGCGCACTATGTGGCATAGCTGTACTCTTGTTCCGCTGTGAGCAGAAAACCTTTCGGCATAAGTAAC
-1.2016269907906751,GTCGTAAATCCCTATCTCCATCATTGGGGGCCTATCGGGTTGGCTATCTTCTCCTACATGAAATGATTCTTCGTGGCATGTCGGTGTCATACGAAAAAAC
-1.8741040377479876,CTCTGAGAGCGTAAGTAACTATGAGCAACGCTGCGGTTCGAGACATGTTTCAGGTTGAGGCTTACTGCTGCAGTTACTTCGACTACGGACCGCAGTTCTC
3.5547998410174575,AACTTCTCCGCCATGCAACGTTTTCTCGGCAGGCCGTGGAGCGACTCCAAACTGGACCCATCGACCCTGGAACGCGGCCGCATATGATTAAGTACGCTTT
2.2213165574301987,CGGCAACTATTTGCCTTTTCGTTGAGGGTGAAAGTTAGTGGGGAGTAATGCAGTCGTATTGTTTCAGAGTCAATCACGTAAACTATTATATGGCGAGGTA
-1.8048308290953996,CAGGGGTATGTCACAATAAGATATCTTTCAAAAATGGTGGTGAATTTGCTCAGCAGGGCTACGCTTCCCATAGATGGACTACGGCGGATTGATAGACCGT
5.79664901682124,AAGACCCCTTCCTGCATGAAGGGTCTCCCGGCAGTCGCGCTATGGGCAAATATCACTTGAGCCGAAGACCGATGCGGTCATTACCCCCCAACCTCGACGC
-5.405316637999487,GAACAGTCGATGACCATCTTGCACCGCACAGCGCTCAAATCGCTAAGGCAGCACTCCTGCAGGGTCAGCTGAGGGCATCACACCGAGCGGGGTTAAGCTA
3.0796780347213186,GCATGTTTAAGTACACAGAGATTCTTACCATTAGCTCCCTTTTAGAAACGACGGCTTTCATGAGGCAGCGTCAACTCGTGACTTCTTCACCGCGCGTTCC
2.965506289841919,GCGCGCATACGGTCGAGTTATGCAGTTATTAGGTCGAAGACTGACCCGTGCCGCTAGCGTAAAAACACTTCGGCACGCATAGGGCGAGCTGAGTAGGGGT
-1.5477321965699513,TGATAGGAAATAAATCCCTTCTTTGACTGGCCCTACAGCCGAGAATCGAGATCGAAATTTGTGACCCTTATCTAGCCGCGTCTCCAGAACGGAAAGAGAG
1.6306651112105899,GTATCTCTGCCATCATCCACCGAGGTGGGACTATACACTATGACCTCTGTGGGATCGAGAATTGGTGTCGGCACTGTCTGCGCGTGGGGAGGAGGGGAGT
-6.255567881926515,GAATTTCATTAGCAGATAATCCAGATGCATGGTAATATAGTACAGTCCTGGACTCATATACAGCTTTGTTGTAGCAGAATCATCGGCGCCATATGACTGC
4.620135096034505,CCTAGTAACTCCAGATTCAAAATCCGAAACTTCTCCGCGAGTGCGAGACGTAGCATTAGGGCATTAGGGGCTCCACAATGACCTAGGTTAGATTGGACAC
-0.9245106822149451,TCGCCCCGTGTCTTACAAGAACCCCGAGCTTTTTGCAACTCTGAGGATGTAGCGGTGGGGATTGCGGAGGCTGCTTTTTGTTAGTGTGAAAGTAAGGTTT
-2.6136151025951975,GGAGTATTTCGTAGGCCTATCAACCCGACGGGAGGCTCCTATAACTGAAAAGCTTGTGAGCAAAAATCGGGAGTACTCTTGTATACGATGTTCGCATGGG
5.245046129184447,TTCTTGTCGGGGTAGCCAGTGGGACTAGAGTCTGCGCATCACTTAGTCAACTAAATGGCGACGTCGAGACCTACACGACCTCTTCTCGGTCTCTGGCCCC
-3.521718452713796,ACCTCAAAGCAACATACCGGTAGCCCATAACACCGATTCTGGGGCCCGTACCGCCCCAAGAGTACACTCTCATTGCTAAGCGAAAACGACAGTACGGTCG
-7.042306481817798,TAGCCCCTCGATATCCGAATCGGGCGCCTATGGATGATGCAAACAGGTCGATCATACAATTATGATCCCCGGTTCGTGTATACGGACTAGTGTATAATGC
-7.783145867619519,TATCCACTAGCAAATCGTGAAAGGATCCGCTCGAGGGACTCCCCCAGATCTTTATTGATTACCCCAGGTCACTGTATGAGTACGCTACATTAGCGCGAGG
3.0300497567281983,ATCGAAGTTAATGCTGTCTAGGCATACTAATTAGCGTCAGAGAATTCAGTAATGATGTCGAACTCGTCCGCACGTGTACGCGAAGGCTGCTACAAGCGGG
-6.402146762481415,AATCTGTCCAATGGCACTGGAATCGCTCCGGGTGGGAGTACAGTGAATTCTATCGATGCTATTATCATATACAAATCAGGGTACACACTGTCCAGGACGG
8.773970909921823,CTTACCCGTCAAGCCCGCGTGTGCAAAACAAGCGGTATTCCTCGCAGTTCCCTTGCTTTATGGATCTGGTCGTATTGTGACTCTCTCTACCGTGGATTTC
-10.40964703941861,CGGCGACCAATGCTCCCAACTGGAAGGTCATTTGGGACATTTTCGTGAGGAGTGCAGCCAAATTAGGCTGAGCAGGTCGTTAACTAATCCATTACCAGGC
8.482281841450192,AGATAGTCCGTGTCGACGAGAACCTTGCGGTAACACGCGGCGAAGGGTGTTATCTCGTTAGTAGGTTCTTATTGATCGGTAGCACCCATGCCTGCGGTAA
1.0550873360130921,TTACTTTTGCACTTGTCATTTCACCGTTGGCAATACGACAATCGGATCGAGTGTCACCTTCAGACTTTAGCCAAGCGTATAGAGCTCTACCCCAAAAAAG
-0.48356555935196194,ACGACAGCCGCGGGCAATGTGTTAGCGGTATGAACGCCACCCCTATCCGCACACTCTATCATTGTGCGCTAGGGTGTTGACTCACGCTAATCATAACGTG
-2.7245954340447485,AGGTAACGGTATAAGGGCTAGTATTGACTGGCGTTGAGTGGGCGCCGCGTCGGGCACAGGACGACCCATGGTATGGATTTGCAGTGTCCGCTCCCATAAT
1.9956805717603543,CCTCTGACAATGACACGGATTACGATGTGGACTTTGAGTGAATTAATAGTACGAACAGCTCTATAGCGCGCCTCAGCGTGTTGCACGTCACAGAGTCAGG
-0.18817351212424183,AAGTGGCCGGGAACATACGTATACGTACACGCCACTCACATCCTGACGTACCTGCGCGTCGGTTACACGCAGTAAACAGGAAAGGCTCGTCCATGACTGT
5.516509410082607,CCTTGCCATAGGGGCAGGTAGGCATAAAACTTCCCTTTTTATGGAATATAGGCATGTGCCCGTCTTATAAGAAAAGGGCTGCTTCGTCCCAAGTCAGGCC
0.5711382433101982,CAGCTCCCGACGACGGCCGATAGGAAGTATAGGCTTACCTGGATCCGTACATCTCAGAGCTTTGCCGCACAAACTTCTTATAATCCGAGGTGACAGTTCA
0.751508807309388,GGGCCAGGGTCTAATTCATAGATTGTGGACCAAGCTTGCGCGATCCACTCACGTGTGCTATACCTATTGGAACATTGAGGGGCTACGCCGATTCAGATGG
-1.8180610610692793,GCCCTAGGACTTCGCCTATTCAGAACCTGATTAGTTAACGCACAGTATGGATAACGAGTCATTGCTCATCGATCGTGTACGAAGGTTCAAAGTTTGGCTT
-0.2847281186053373,ACTCGAGACCCGGAGCAGAGACGATAGGATTAAAAGACGAAATAGCCTGAGCCTATATAGACCTGCAGGCGGGTTGGACAACGCATGTACAGACCTGGAA
1.5390088444602958,AGATCCAAGACTTAGGCGAGATCTCAGCGAAACACGCGTACGTACAGTCATGCCCAACGATCTAATTCCATCTGTGGGGCCAAATCACAGTCTGTATCCG
-8.550841963283128,TGCCCGTACCAGATGTTTGTCGCAAAAAACGGTCTGCCGCGGCACGCCTATCTCAATTAGTCCCATCCATTCCGTTCTATGCCATCGAGGTCACTCGAAC
-6.740927110528565,ACCATCCAAAAGAACCAGCCTGGGTATAGCACCACAGAAATATTTGATCGGGTGGGCGCATGGCCCACACCCCGCAGCGAGTGACTATAAGCACCTTAAC
3.716320470113575,TGCACGCGCCGTCCCTTTGTACATCAATACCGAGAGCGGTCTCTGAAGAGGCGCGAGGTTGGGTACCCAAGTTCCGATCATAAAAGACCAAAGCAGACCC
0.8543271906397093,ACACGCTAATTGATCCCCATATGTCGATGTTCAGCTGCGAATGTTCTACCCTATGGACCAATCAAAGGGGTAGATCCGCAGATAATTTCCCAACCGGAAT
-0.9199166817633957,GAGGTTCGGATCCAGTTCGAAGTCATTGGGTCGGGGATTGGTTCTGAAACCTCCCAGTCGCTCTATTGGGTCGTTACGCGCGTCACGAGTAACTGCGCAG
0.0921696653269658,CAGATATGGCATCCGACTAGTGATTTTACGGAAGCGCCATGCTGCTGGCACCCCAGTACCGACAGTTATGCAGACACTACGAATTTCTAGTGATTCTCGT
1.7379085268083552,GTTCGCTCTTTAATGTCGCTCCTACCATTGCACAACTGGGGCAAGAGTGCTACACCTAAAAGGACGAACCGAGATTTAAGGAATTACATTACTGTTCAAA
-2.6987984015468074,AAACGGTTTGTCGGGTAGATTCTGAAGAGTGTCTCAAAATCAATAAACTGACTAGATAGAGACCGCTAAATGAAATTCGTTAGGAACTGACTGCCGACTC
-3.8915236270115634,TAAGGGCCAATGTCGCTGTATCCAGCCAATGAGTACGAATACCTTCCATTGCGTGGATCGATTGCCCCTATTGGCGTAATCCACTCTCCCTCTAATTTAG
0.9792262754884078,TTAAGCGGCGGCGGTATTATCGAAGAGGATGCGCGAGATACGAGACTTCAGCCTGGTTCCGCACGGGTTGCGCAGACATCTGACCTCGAGAGGAATAGGC
-4.89186388807516,GGAGTAAAGGCGTTACCCCTAGCGAGCTTCGAAAAACTGTGCTTAGCTACAAGATCTATCTATGCGATTCGGTGTCACAGCGATCCCCACCTTGTTGAAG
2.0412637785723593,GCCTAGCTTTTAGGTTGCGCAGAGGTCCTTACCTACTTGGAGCGTCTCCCTATGATTACGGGATAACTGCCGGGTCCCAAGGGGGGCACCCGGTCAGGGA
-8.512918021189202,GAACCCCTATCGAAGCCAGGGGATTGCACAGTCCGGGCCGAAGTTTGTACACTCCCACGTGACATATATCGGTCATTTGTGCCGTTTGGTACGGGGCTTG
5.145778186628219,GGCAAACTTACCTACTTCATGCCAATTCCAGAGGGCCGTAAACACAATAATATACCGCTCTCTGCCAATCGCGTTCACACTTCGAAGTAAGCAGGCCCCC
2.3629874120652152,ACGTGGGAGACCCCGGGATATCCCAATTTATTCGACGAGCTCGCGAAAAGCTCCATTCTGGAGGGGACGAGGGGATTCACTTGTCATCTGGTAGCGTGGC
1.2801486715693784,ACGTTTACCTGCTGCTCCGTATGTGTACCTAGGATCGAGGATATTCGTCGGTTTGCCGAACGGCGTTGATAGCTAAAGTCCACCGCACAGCATAGGGGTG
4.913454919727569,TCTGCGCCCACAAACGTCTACTCTGTCGTGTGGATGGCACATCGCACTAACTTCCCAGGATCCGGGCGGCTTGTACCAAGGCTTCTGCCATGACCCGCTG
8.327372222312883,TGCCACTCGGAGCCCATGCGCGGCAAGTGCAATACAATAGCCTTATACCTCAGGCTATCAGTCGGCATAGACGCCAGCTGTTTTGACTCCTGTCATTCCT
5.071850325090653,CACCCTCCGCTTCCATACACAAAGGTGTGCTAAAACATCCAGAGTTCGCCTGGTAAAAACCAGGGTATAAGCTATACGCGTGCTCCTCCTGTTCTTAAGT
-9.204371156658226,CGTTGTGCGCACATGGTTCCCACGGCAATAGAGCATGTGCTACAACTTAGCATGACGATCCTAAACGATTGGAAGTTTTATGCCGCGATACCTCTGGCCT
-6.397884833678508,CTAAATAATTTATGAGTGTGAAAGCGATTAAACGACTAAACCTACTAGTAAATATTCTAAAGACCCCGTGTATGGTCACGGAAATTGCCCATAAGAACGA
-3.124092888478394,TCAAAATGCGTGTGGAGAGGGTAATTTGTGTCCCAGGCCATACACGCTAGACTTGTAATTGAATGTCGACTCTCTCTTCCCCCCAGACCCGCGACATGTC
0.13045525105416894,TAACCGTCCTTGCAATACCTGCGGGCGCATAGCCTCGAAACGCCAGCTACGTGCTGTCACCTGCCCACCGTAAAATACTGAATATTCCTGCCGTTTATTG
2.588295102345615,TCCTACCCAGAGGTGGGCTTTGTCGCGGCCCACGCATACGTAAACGCTCTTTCCTGTGAGTGTGACGGACTAGCCCCTGAGGATTGACTCTGAGTGTAAG
-3.628719065767328,TGGGGTTATTACGAGCTGATTCATGCCCAGCACGATACCAACTGCTTACTATCTGGAGCGCCGAAAAATACTGCTGCCTGCGCTCTGCTTCGTAGAGCGC
0.9338338223853916,CGGATCTGCGACGAGTCATGGATCTATAATACTTGTGGGCTTTACTCAGGTCGTGAACCAGGAAAAACGCCGTGAGTGCAAGTAAACAAGCAGCGCCTAA
-3.7769146617666127,CCCCAGCCCACAAGTCCAGGGCAGTCTTGGTAGGGATCGTGTTGATGGGACGGCTGATGGTTCCTTCTGTAATTACAACAGCTGCAATCTTACCACAACC
-3.057589014959741,GGGAGGATACCTGAGTAGGAGGACCAGAAAGATGGTGTGAACCGAAAACCAAATCATCAAGCGGCGAAATAGACGCGATAGAGCATAGCCAGACCATCGA
-7.033305484241112,ATCACCAGTGTTTGACGCGCTAAGAACTGGTGCATGGCTGGCTGGTCCCTTAAGCTCCACCCTGGCGGTCCTAGAAACGGATTGTGAAATAATTACCCCC
-4.616166230554521,TGGAAGGCATCTAGAGGGGAGGACAGGAGACAATATGTAAGAAGATATTCGGGAAACTGGGGCTCATGAGTATGGATAGCCCGGGATATCAACGTATAGA
-6.758423028081668,TCACCGAATACTGGAGTCAGTGCTGTTGGTTAGGGGATCCCAAAGACCAAGCCACCATCCAACCATGCTCCATGTGCAGTCACAGAAAGTAGCACTGTTT
-4.879366264886664,GGCATCAATACGATACCGTCAAACCGCTCACTGGCATGCGCCTTTGCTGCCCATCATGTCCAGTTACAGAAGTATTCGTGCCCTCTGGACCTGTCTGATA
5.268208983039198,CAAGATGCCATATAACAGCTGCATCGCAGGACTTTGGTAGACATATATAAACCGGGAACTCTACGCATGTCCGTTACTTAGTGTTTGGCGGAGCCTTACC
-4.746994444159715,CTAGTACATACAATGCCCGACTCATATGAGCCAAGCATGTCGAGCACGGTCATATCGAGCGTATCGTCATTGTGCTTTACACCCTTGGGCCTCCGTCCCA
13.161910324186954,GCTCCCTGTGGCGAAAGGTGTGTGTATGCCTCTCCGAGCGATGGCACTTCATTGTTACGTGTATCGCTCCTGCTGACGACAGGGGCTCCATCAGACGGGT
2.466589504404446,AAAGTGGCCAAACCGGGTGGCTTCTGAACACGTCTGTGACCAGTCACGCGCGGGATCGCCGAACTTAAATGTAGCAGCAGCTTCATTCGTAGGCAGTAAA
0.9241806184743695,GCGGGAGGTATTCCAAAAGACCAATAACCGCACGGCCGGTGAATATTTTCAATTCAATGTGAGAGAAGCATAAGGGGGCGTACGTCGTGTCGGATACGCT
-4.2917889009060675,CCGGAACTGTCGCCGCCATGTCTCAAAGGTGCGCAATTGCGTGGGTCTAGAACAAGCACTATCTAGCGACTCTGGATGTTAAATCCGCTCTCGTTTGCTT
3.5015493970449567,CGATGGGCGCAGGGCGCATCTACGAGTGGCAGCCGCTGGCTCTATTATGGTACTGATAGGCCCAGTTTCCAAACTATAATATACCGCGACCTGGAGTGGT
-2.8781891311888694,GGTTCGTTTGCTTAGGGACTATACGATCAGAGTGGGTACATATTCGGGATGTGTCCATATGGCTTCTGGTATCTAAATGTAAACGTGCACTGACAAAGAC
0.6100490732268072,ACACATACATAGCATTCTTAGAAGCGCAGCCTCCGTGAGTGCGGTTTCCATTTGGATCCTAATTTACCTGTCTTACTGCGTATGAACGTTCAAGCTCAGG
12.800422691343973,GCTACATAGCTTTCCGCGACCCATCAGGCAAAGGCCGGAGGTTTGCTGGCGCGCGGGACTTCCGTAACCAGGTCCACGACCTGCTAGATAATAGAGAGTA
-0.4802994986232494,GGACTGCGTAACCAGTTCAGAGTCGAGTTATAGTCCGGGGATTGTTTTGTTGCAAAGAAAAGGGGACTTACGCTGATTATTTAAAGTTTCCAAAGGGAGA
5.746366631428379,TCTACCCTAGGAGTTGCTATTCGGCAGCGTAGATTGTCATCCTCAACGGTACCTATAAGGGGACATGATGAGCACCAATGCCTACTGCTTATACCGGATC
-3.515882125629437,GATATAGCTACGGAACCAAAGGCCAAAGGCCTTTCAGTTGCACGTGAACATGACAGAGCGCGTTTATGCGACCGGTACAAATCTTGGATGAAATTCATTC
-0.1749424524848085,TCACTAACCGTGTAAAAGGGCCCCACCCAAGCGGGCTTAAGAGCGCACGCTTAGTCGGGCCAGAAACACTCCAGCATGCTGGGGATGGATTGGGGTAATC
8.85400317817755,AGTCCACCAACGCAGTCCGGAACATTGTATGTAGACGTGGGGAAGCAGAACGCGTGAATCCTGGCGAACAAAAGGCAGCGCCCATGTCCAGCAACACGAC
-3.134835288938837,AGGGAGATACCTGTGTGCCCTGGAACTAGTATTTGAAAGGTTAATCACTACTTTCGACCTACTACTATGCGATAGGTCCTATCTCCAAGATGTTATCTGC
9.062242789984644,TCCTGCGAGCGGTTTACGATTTCCCGCACTATTTCCCTTCTAGCACTGTTTAGCTAATTCATCCGTCCTAGCGCCTGACGGTGTTGTCGCCCTACGTCGC
3.538759677277377,CTGCTTGGGACTTTTAGAACAAAACCCTACACCTCAATCTAATATGCGAGAAAATGAGTGTTTCAACGCTTGGCCCCAACTTGTCAATTCGCGCAAGCGA
-2.812333879471338,TTCCGTTGACTTAAATTATGGTTGCACCGGGGGCGCCTTGTCTCGGTGGAGTGGCGCAATAGCCCCCGGATGTAAGATAACCTGACATGAAGCTGTTCTA
3.1620386952776047,GATTGCCCCGGCCTACAAGCGACACAGTAGTCTTAGCACTCTATCCGTGATAGCGGCCCCTCTCAGGCACGAGTCAACCGGTGGACTCAGCCCACATTGC
4.862772248133649,GACAGACCGGAGCATGTCGGGGGGCGAGGGCATAACCTAAGGGGCTTGTGTCGCTATCGAAGTCGTGAAGATCTAATAAATAGGTATCAAGGTGATACCA
3.109049811085982,GACTTCTCTAGACAGAGTCGAATCCAATCACATTACGTTATCTACCCCTGCTGTACTTCTATGTGTCAACTTAATGCCAAACCCCTCGCGCCATCCCCCA
-7.851123599452282,GAAACCCCGCAAGGCAACTTTTTTAGTACAGCTGCACACTGTAAAAGAACTTCGCTGAATTAAATCTTCAATGCATTTCCTTACTAGCCTATAGGTCTAG
-3.6356858791243427,CGGCGAATCAAACCCCAGTCAGAGCTAAAAGCTTGCAATACACTAGTACAATGCGAACACTTGGCTGGCATCGGAGGGGGCAAAGAGGACCACTTTGTTA
-1.2375931777575238,CTCATCAGTCCCTATAGCCCGCCCTCACTCCGCTTCTTTTGTGGCAAAGTCGCCACCCTACCACCACATCTCCACCAAGTTGAGTTGTTACTTTTTCAAT
-0.37216714550023144,GCTAGAAGTAAGCCGGGGCTTAGCCATGTGATCCAGATGTTGAGCTCCCCGTTTGTCCCGGGTCCTCATCCTCCAGCTTCAATTAAGGTAGAAATTCTCC
3.10336048775339,GGATGCGTGGTTGTCTGCCCCATCCAATTAATGTGCCACACAGCATCTCTGTCGTCACCATAGACTCGCAGGGTGTCGTGCTAGGAAATCATGTACTCAA
0.8885050046662691,GTAGCCGACTCAATCAGCAATCTATTGAGATGAGGTGGCTGGTTCTTGGGGTAGGTACACCATGCTAGAAGTCGGTTTGGTTTGCGTGTGGCACATGATC
-6.676721793550506,CCAGACCGGACATATGCTAAGGGACGCGCGGCAACTGTCCGTCAGTCACAAGGCGGCTTGGGCCATTGGAGCAGTCATAGCGCTATTAACATTATACAGC
1.900989255029816,TCCATTATCGTCGGGCCTAACAGTGACGCCACCACCCCCAAACAAGTGGCTTCCGTTACAATTTGAACTTAATTGCCAAGGCTGGGGTGTGGATTGTGAG
3.0529287264191156,CCCGTCAAGTATACCGTACGACGGTCAAATAAAAGCTCAGAAACGTCCGATGTGTTCTGTTAGGAGTCGCGGTCGTCTAGGTAGCAGGCAGCAGGATGCA
2.798952239655199,ACGGAGAATGTGACCCAACGAGAGTGCCGTGGGAACGCGTAATTGTATCGATACCCGTAAATGGCACTCTTCAATAACCTCCTAGGTTTGCATGCAGAAG
5.403903627773109,CCTGGATTTCATTAGAACCCACAGGACGAGGTTCAATTGACCCGATGCAGCTATCGTGGATTACAAGTACACGAGAGACGCGGGAGATGTTAGGATTCAA
4.16961077274452,CCCCTATCGCCGGCGTGTATATTGCCGAATCTTGCCAGTGTGCCTGGGATGTACGGTCTTCATAAGACACCGTCCTCTGATGCGATTTGTTTAGATTTCG
2.2959003961421836,CTCTGACCATGTGCGACGTTGGTCATCCACCGCCCGAGTCAGGTTCCAGGCGATGCGACGAACGCACAAGCACCGGGCACTCCATTATCCCCAGCGGACT
-0.35082855729323514,TTGTCACGTTTAAGGTTTCTACTAGGCAGTATTTTCGTACACATCGTGAAATAGATCAAGAAGCTCTCAGTAAAGAGTTTTCCAGGCGTCGGTGACGGAC
-8.304804667579957,ACGAGTGCGTTTAATTGAGGACTCCATGGCTAACCGTTTGCAAGACTCCCGGCATGCGACACTTCCACCCAATTTGGCTCAAAGATGCAAAAAACGACTG
2.148091095662929,TCTCCTCGCATTATCGCTTATTCCCAACTGTAAAGGGCGGGTGGAATTAGCATTTCCAATCGCGCAGTTCGGCATGTTGTGTTATGGCCCTTATTTGTAT
1.0384384358155558,GAGAATAGGGGGAACGACCGCCTGACTGGGGGGCGTGGGGGGTCATGCCGCGTATCACTTAAGCGCAGATTAACAGAGAGTACTCTGGCTGTCACCTATC
1.3578941859768672,ACATATCAACGGGTATTGCTGAGGGCTTGTATGCCCTCCCAGGGCACTCGACAAACAACGCCTCCGTCCCTACGAGTCTGACAATCAACCATGAACTTTC
-6.383742879101547,TACAATCGCAGGTAATACTCGATGAACGACGGTCTCTCTGGCTTAGAAAATGTACAAGGGACTGCACTGGATTGCTAACTACAGCGTCACCATCCAAGTC
-5.405282702041312,CAGAGTGAATGCAGCTAGTCGCAACAGACTCGGTAGTTCGTAAGTTAGAATAGAATGCACCATATTTCCTTTTATAATTTCGACGAAAGAGGCGCGTACT
5.265764266664518,TACCCTGGAAAAGGCTCACATCCATCAGCCGACCGTTCACGAAAGACAAATTTGCCGTTTCGGTACATAACCTGGTGGGATTCTGATCTTGATTGCACAT
-0.1977757692832752,CGACAACAACGACCTGCGTACCAGAACAGCCTGGGGGACGTGGACGCAGAACAACGAAAACGTCTAAGATTGCGCGGGGTTTCAAGCAGTGTTTTTGATC
3.407503486863122,TAGACAGGCCACGTGGGCATCCTTGCATCGCGCCCCTTGTGATATGTACACTATGTGAGAAATGGCTAAGTAGCGCGCGCTCTGCTTACGCGGTGGAACT
0.14159188065230585,GTGAGGGACGATCTATTTGTCGGAGGAACCCAAGAACGGAGAATGTTACCGAACTATTAGCTGAATAAGTACGGCCCGGCACGGGGTCACCACTGTCGGT
0.14878069747872594,TTCCGATCTGGGTTGTACCAGTCCACGACCCTGTACGAGGTCTTTTTCACGTCTCTTAGATCAAAGCGTTCAGGTGGAAGGGGGCGGTCCTATCAATCAT
